maker,name,kakakucom-id,mount,lens-type,focus-mode,lens-class,support-FF,support-APSC,lens_construction,aperture_blades,focal_length,minimum_focusing_distance,maximum_magnification,maximum_aperture,angle_of_view,stabilization,splash-proof,dust-proof,wide-lens,telephoto-lens,macro-lens,high-magnification-lens,fisheye-lens,aori-lens,mirror-lens,blank_1,large-diameter,pancake,filter-diameter,size,weight,blank_2,model_number,minimum_focusing_distance,maximum_focusing_distance,maximum_aperture,minimum_aperture,maximum_angle_of_view,minimum_angle_of_view,minimum_shooting_distance,minimum_shooting_distance_tele,minimum_shooting_distance_wide,teleconverter_14x,teleconverter_20x,sensor_size,description,grade
SONY,FE 300mm F2.8 GM OSS SEL300F28GM,K0001582425,α Eマウント系,単焦点,AF/MF,大口径望遠単焦点レンズ,TRUE,　,17群21枚,11 枚,300 mm,2m,0.16倍,F2.8,8.1 度,TRUE,TRUE,TRUE,　,TRUE,　,　,　,　,　, ,TRUE,　,40.5 mm,124x265 mm,1470 g, ,,,,,,,,,,,,,,,
シグマ,70-200mm F2.8 DG DN OS [ソニーE用],K0001585549,α Eマウント系,望遠ズーム,AF/MF,大口径望遠ズームレンズ,TRUE,　,15群20枚,11 枚,70〜200 mm,W：65cm/T：100cm,01:05.2,F2.8,34.3〜12.3 度,TRUE,TRUE,TRUE,　,TRUE,　,　,　,　,　, ,TRUE,　,77 mm,90.6x207 mm,1335 g, ,,,,,,,,,,,,,,,
Anhui ChangGeng Optical Technology,LAOWA 8-16mm F3.5-5 ZOOM CF [ソニーE用],K0001585565,α Eマウント系,広角ズーム,MF,超広角ズームレンズ,　,TRUE,12群16枚,5 枚,8〜16 mm,20cm,0.125倍,F3.5-5,82.8〜120.9 度,　,　,　,TRUE,　,　,　,　,　,　, ,　,　,86 mm,　,　, ,,,,,,,,,,,,,,,
VILTROX,AF 75mm F1.2 E Pro [ソニーE用],K0001563668,α Eマウント系,単焦点,AF/MF,超大口径レンズ,　,TRUE,11群16枚,11 枚,75 mm,0.88m,0.1倍,F1.2,21.35 度,　,TRUE,TRUE,　,　,　,　,　,　,　, ,TRUE,　,77 mm,87x101 mm,　, ,,,,,,,,,,,,,,,
シグマ,10-18mm F2.8 DC DN [ソニーE用],K0001575108,α Eマウント系,広角ズーム,AF/MF,超広角ズームレンズ,　,TRUE,10群13枚,7 枚,10〜18 mm,W：11.6cm/T：19.1cm,W：1：4/T：1：6.9,F2.8,109.7〜76.5 度,　,TRUE,TRUE,TRUE,　,　,　,　,　,　, ,　,　,67 mm,72.2x64 mm,255 g, ,,,,,,,,,,,,,,,
銘匠光学,TTArtisan 500mm f/6.3 Telephoto [ソニーE用],K0001578527,α Eマウント系,単焦点,MF,超望遠レンズ,TRUE,　,5群8枚,12 枚,500 mm,3.3m,　,F6.3,　,　,　,　,　,TRUE,　,　,　,　,　, ,　,　,82 mm,88x317 mm,1605 g, ,,,,,,,,,,,,,,,
Anhui ChangGeng Optical Technology,LAOWA Aurogon FF 10-50X NA0.5 Supermicro APO [ソニーE用],K0001578633,α Eマウント系,単焦点,MF,顕微鏡レンズ,TRUE,　,　,9 枚,　,　,　,　,　,　,　,　,　,　,TRUE,　,　,　,　, ,　,　,　,　,　, ,,,,,,,,,,,,,,,
TAMRON,17-50mm F/4 Di III VXD (Model A068),K0001570042,α Eマウント系,広角ズーム,AF/MF,広角ズームレンズ,TRUE,　,13群15枚,9 枚,17〜50 mm,0.19m(WIDE)/0.3m(TELE),1：4.6(WIDE)/1：3.8(TELE),F4,103.41〜46.48 度,　,TRUE,　,TRUE,　,　,　,　,　,　, ,　,　,67 mm,74.8x114.4 mm,460 g, ,,,,,,,,,,,,,,,
TAMRON,70-180mm F/2.8 Di III VC VXD G2 (Model A065),K0001568580,α Eマウント系,望遠ズーム,AF/MF,大口径望遠ズームレンズ,TRUE,　,15群20枚,9 枚,70〜180 mm,0.3m(WIDE)/0.85m(TELE),1：2.6(WIDE)/1：4.7(TELE),F2.8,34.21〜13.42 度,TRUE,TRUE,　,　,TRUE,　,　,　,　,　, ,TRUE,　,67 mm,83x156.5 mm,855 g, ,,,,,,,,,,,,,,,
Lensbaby,コンポーザープロII + Twist 60 & NDフィルター [ソニーE用],K0001576308,α Eマウント系,単焦点,MF,マニュアルフォーカスレンズ,TRUE,　,3群4枚,12 枚,60 mm,45.7cm,　,F2.5,　,　,　,　,　,　,　,　,　,TRUE,　, ,　,　,46 mm,　,　, ,,,,,,,,,,,,,,,
Lensbaby,Twist 60 & ダブルグラス II オプティック・スワップ・キット [ソニーE用],K0001576301,α Eマウント系,単焦点,MF,マニュアルフォーカスレンズ,TRUE,　,　,12 枚,　,　,　,F2.5,　,　,　,　,　,　,　,　,　,　,　, ,　,　,46 mm,　,　, ,,,,,,,,,,,,,,,
SONY,FE 16-35mm F2.8 GM II SEL1635GM2,K0001563468,α Eマウント系,広角ズーム,AF/MF,大口径広角ズームレンズ,TRUE,　,12群15枚,11 枚,16〜35 mm,0.22m,0.32倍,F2.8,107〜63 度,　,TRUE,TRUE,TRUE,　,　,　,　,　,　, ,TRUE,　,82 mm,87.8x111.5 mm,547 g, ,,,,,,,,,,,,,,,
VILTROX,AF 16mm F1.8 FE,K0001553714,α Eマウント系,単焦点,AF/MF,超広角・大口径オートフォーカスレンズ,TRUE,　,12群15枚,9 枚,16 mm,0.27m,0.1倍,F1.8,105.6 度,　,　,　,TRUE,　,　,　,　,　,　, ,TRUE,　,77 mm,85.2x103 mm,550 g, ,,,,,,,,,,,,,,,
SONY,FE 70-200mm F4 Macro G OSS II SEL70200G2,K0001552472,α Eマウント系,望遠ズーム,AF/MF,望遠ズームレンズ,TRUE,　,13群19枚,9 枚,70〜200 mm,0.26m(W)/0.42m(T),0.5倍,F4,34〜12.3 度,TRUE,TRUE,TRUE,　,TRUE,　,　,　,　,　, ,　,　,72 mm,82.2x149 mm,794 g, ,,,,,,,,,,,,,,,
SAMYANG,V-AF 45mm T1.9,K0001552978,α Eマウント系,単焦点,AF/MF,シネオートフォーカスレンズ,TRUE,　,　,9 枚,45 mm,0.38m,　,　,52.3 度,　,TRUE,TRUE,　,　,　,　,　,　,　, ,　,　,58 mm,72.2x72.1 mm,280 g, ,,,,,,,,,,,,,,,
中一光学,APO 200mm F4 MACRO 1X [ソニーE用],K0001551777,α Eマウント系,単焦点,MF,望遠等倍マクロレンズ,TRUE,　,7群11枚,9 枚,200 mm,0.48m,1倍,F4,　,　,　,　,　,TRUE,TRUE,　,　,　,　, ,　,　,67 mm,75x214 mm,1230 g, ,,,,,,,,,,,,,,,
銘匠光学,TTArtisan 25mm T2 C 1.33X [ソニーE用],K0001551205,α Eマウント系,単焦点,MF,アナモルフィックレンズ,　,TRUE,7群9枚,11 枚,25 mm,0.5m,　,　,　,　,　,　,　,　,　,　,　,　,　, ,　,　,67 mm,72x65 mm,300 g, ,,,,,,,,,,,,,,,
シグマ,14mm F1.4 DG DN [ソニーE用],K0001543816,α Eマウント系,単焦点,AF/MF,大口径超広角レンズ,TRUE,　,15群19枚,11 枚,14 mm,30cm,01:11.9,F1.4,114.2 度,　,TRUE,TRUE,TRUE,　,　,　,　,　,　, ,TRUE,　,　,101.4x151.9 mm,1160 g, ,,,,,,,,,,,,,,,
七工匠,7Artisans 18mm F6.3 II 1863EB2 [ソニーE用],K0001543890,α Eマウント系,単焦点,MF,ボディキャップレンズ,　,TRUE,5群6枚,　,18 mm,0.3m,　,F6.3,　,　,　,　,　,　,　,　,　,　,　, ,　,　,　,56x10 mm,55 g, ,,,,,,,,,,,,,,,
銘匠光学,TTArtisan AF 27mm f/2.8 [ソニーE用],K0001538939,α Eマウント系,単焦点,AF,単焦点レンズ,　,TRUE,5群6枚,7 枚,27 mm,0.35m,　,F2.8,56 度,　,　,　,　,　,　,　,　,　,　, ,　,　,39 mm,61x31 mm,90 g, ,,,,,,,,,,,,,,,
銘匠光学,TTArtisan T&S 100mm f/2.8 MACRO 2X [ソニーE用],K0001538941,α Eマウント系,単焦点,MF,中望遠マクロレンズ,TRUE,　,10群14枚,12 枚,100 mm,0.25m,　,F2.8,24 度,　,　,　,　,　,TRUE,　,　,TRUE,　, ,　,　,67 mm,72x149 mm,835 g, ,,,,,,,,,,,,,,,
Anhui ChangGeng Optical Technology,LAOWA Argus 28mm F1.2 FF [ソニーE用],K0001540178,α Eマウント系,単焦点,MF,大口径レンズ,TRUE,　,7群13枚,13 枚,28 mm,50cm,0.073倍,F1.2,75.4 度,　,　,　,　,　,　,　,　,　,　, ,TRUE,　,62 mm,68.5x106.31 mm,562 g, ,,,,,,,,,,,,,,,
SIRUI,35mm T2.9 1.6X カーボンファイバーフルサイズアナモルフィックレンズ Saturn E35B [ソニーE用],K0001528487,α Eマウント系,単焦点,MF,フルサイズアナモルフィックレンズ,TRUE,　,13群18枚,10 枚,35 mm,0.9m,1：22.87(V)、 1：40.08(H),　,　,　,　,　,　,　,　,　,　,　,　, ,　,　,58 mm,　,415 g, ,,,,,,,,,,,,,,,
SIRUI,35mm T2.9 1.6X カーボンファイバーフルサイズアナモルフィックレンズ Saturn E35N [ソニーE用],K0001528492,α Eマウント系,単焦点,MF,フルサイズアナモルフィックレンズ,TRUE,　,13群18枚,10 枚,35 mm,0.9m,1：22.87(V)、 1：40.08(H),　,　,　,　,　,　,　,　,　,　,　,　, ,　,　,58 mm,　,415 g, ,,,,,,,,,,,,,,,
SIRUI,フルサイズアナモルフィックレンズセット Venus Set A-E [ソニーE用],K0001528497,α Eマウント系,単焦点,MF,フルサイズアナモルフィックレンズ,TRUE,　,　,　,　,　,　,　,　,　,　,　,　,　,　,　,　,　,　, ,　,　,82 mm,　,　, ,,,,,,,,,,,,,,,
Machang Optical,KamLan KL 70mm F1.1 [ソニーE用],K0001538472,α Eマウント系,単焦点,MF,ハイスピードレンズ,　,TRUE,7群9枚,　,70 mm,0.8m,　,F1.1,24 度,　,　,　,　,　,　,　,　,　,　, ,　,　,77 mm,　,　, ,,,,,,,,,,,,,,,
SAMYANG,AF 35-150mm F2-2.8 FE,K0001533182,α Eマウント系,標準ズーム,AF/MF,大口径ズームレンズ,TRUE,　,18群21枚,9 枚,35〜150 mm,0.33m(35mm)〜0.85m(150mm),0.175倍〜0.18倍,F2-2.8,16.4〜61.8 度,　,　,　,　,　,　,　,　,　,　, ,TRUE,　,82 mm,　,1231 g, ,,,,,,,,,,,,,,,
VILTROX,AF 13mm F1.4 E [ソニーE用],K0001564545,α Eマウント系,単焦点,AF/MF,超広角レンズ,　,TRUE,11群14枚,9 枚,13 mm,0.22m,0.1倍,F1.4,94.06 度,　,　,　,TRUE,　,　,　,　,　,　, ,TRUE,　,67 mm,74x90 mm,420 g, ,,,,,,,,,,,,,,,
シグマ,23mm F1.4 DC DN [ソニーE用],K0001526984,α Eマウント系,単焦点,AF/MF,大口径広角レンズ,　,TRUE,10群13枚,9 枚,23 mm,25cm,01:07.3,F1.4,63.4 度,　,TRUE,TRUE,TRUE,　,　,　,　,　,　, ,TRUE,　,52 mm,65.8x78.9 mm,330 g, ,,,,,,,,,,,,,,,
シグマ,17mm F4 DG DN [ソニーE用],K0001526982,α Eマウント系,単焦点,AF/MF,超広角レンズ,TRUE,　,8群9枚,7 枚,17 mm,12cm,01:03.6,F4,103.7 度,　,TRUE,TRUE,TRUE,　,　,　,　,　,　, ,　,　,55 mm,64x50.8 mm,220 g, ,,,,,,,,,,,,,,,
シグマ,50mm F2 DG DN [ソニーE用],K0001526987,α Eマウント系,単焦点,AF/MF,標準レンズ,TRUE,　,9群11枚,9 枚,50 mm,45cm,01:06.9,F2,46.8 度,　,TRUE,TRUE,　,　,　,　,　,　,　, ,　,　,58 mm,70x70 mm,345 g, ,,,,,,,,,,,,,,,
SAMYANG,V-AF 35mm T1.9,K0001545388,α Eマウント系,単焦点,AF/MF,シネオートフォーカスレンズ,TRUE,　,　,9 枚,35 mm,0.29m,　,　,63.6 度,　,TRUE,TRUE,　,　,　,　,　,　,　, ,　,　,58 mm,72.2x72.1 mm,280 g, ,,,,,,,,,,,,,,,
SAMYANG,V-AF 75mm T1.9,K0001545387,α Eマウント系,単焦点,AF/MF,シネオートフォーカスレンズ,TRUE,　,　,9 枚,75 mm,0.69m,　,　,32.9 度,　,TRUE,TRUE,　,　,　,　,　,　,　, ,　,　,58 mm,72.2x72.1 mm,280 g, ,,,,,,,,,,,,,,,
SAMYANG,V-AF 24mm T1.9,K0001545389,α Eマウント系,単焦点,AF/MF,シネオートフォーカスレンズ,TRUE,　,　,9 枚,24 mm,0.19m,　,　,83.7 度,　,TRUE,TRUE,　,　,　,　,　,　,　, ,　,　,58 mm,72.2x72.1 mm,280 g, ,,,,,,,,,,,,,,,
Meyer Optik Gorlitz,Trioplan 35mm F2.8 II [ソニーE用],K0001557103,α Eマウント系,単焦点,MF,単焦点マニュアルフォーカスレンズ,　,　,3群3枚,12 枚,35 mm,0.2m,　,F2.8,63 度,　,　,　,　,　,　,　,　,　,　, ,　,　,52 mm,　,290 g, ,,,,,,,,,,,,,,,
SONY,FE 50mm F1.4 GM SEL50F14GM,K0001518235,α Eマウント系,単焦点,AF/MF,大口径標準単焦点レンズ,TRUE,　,11群14枚,11 枚,50 mm,0.41m(AF時)/0.38m(MF時),0.16倍(AF時)/0.18倍(MF時),F1.4,47 度,　,TRUE,TRUE,　,　,　,　,　,　,　, ,TRUE,　,67 mm,80.6x96 mm,516 g, ,,,,,,,,,,,,,,,
Meyer Optik Gorlitz,Biotar 58mm F1.5 II [ソニーE用],K0001557861,α Eマウント系,単焦点,MF,単焦点マニュアルフォーカスレンズ,　,　,4群6枚,　,58 mm,0.7m,　,F1.5,41 度,　,　,　,　,　,　,　,　,　,　, ,　,　,52 mm,　,405 g, ,,,,,,,,,,,,,,,
Anhui ChangGeng Optical Technology,LAOWA Nanomorph 27mm T2.8 1.5x Cine Amber [ソニーE用],K0001566582,α Eマウント系,単焦点,MF,アナモフィックレンズ,　,　,13群15枚,13 枚,27 mm,43cm,　,　,　,　,　,　,　,　,　,　,　,　,　, ,　,　,55 mm,60x86 mm,313 g, ,,,,,,,,,,,,,,,
Anhui ChangGeng Optical Technology,LAOWA Nanomorph 27mm T2.8 1.5x Cine Blue [ソニーE用],K0001566574,α Eマウント系,単焦点,MF,アナモフィックレンズ,　,　,13群15枚,13 枚,27 mm,43cm,　,　,　,　,　,　,　,　,　,　,　,　,　, ,　,　,55 mm,60x86 mm,313 g, ,,,,,,,,,,,,,,,
Anhui ChangGeng Optical Technology,LAOWA Nanomorph 27mm T2.8 1.5x Cine Silver [ソニーE用],K0001566590,α Eマウント系,単焦点,MF,アナモフィックレンズ,　,　,13群15枚,13 枚,27 mm,43cm,　,　,　,　,　,　,　,　,　,　,　,　,　, ,　,　,55 mm,60x86 mm,313 g, ,,,,,,,,,,,,,,,
Anhui ChangGeng Optical Technology,LAOWA Nanomorph 35mm T2.4 1.5x Cine Amber [ソニーE用],K0001566606,α Eマウント系,単焦点,MF,アナモフィックレンズ,　,　,13群15枚,13 枚,35 mm,60cm,　,　,　,　,　,　,　,　,　,　,　,　,　, ,　,　,55 mm,60x86 mm,360 g, ,,,,,,,,,,,,,,,
Anhui ChangGeng Optical Technology,LAOWA Nanomorph 35mm T2.4 1.5x Cine Blue [ソニーE用],K0001566598,α Eマウント系,単焦点,MF,アナモフィックレンズ,　,　,13群15枚,13 枚,35 mm,60cm,　,　,　,　,　,　,　,　,　,　,　,　,　, ,　,　,55 mm,60x86 mm,360 g, ,,,,,,,,,,,,,,,
Anhui ChangGeng Optical Technology,LAOWA Nanomorph 35mm T2.4 1.5x Cine Silver [ソニーE用],K0001566614,α Eマウント系,単焦点,MF,アナモフィックレンズ,　,　,13群15枚,13 枚,35 mm,60cm,　,　,　,　,　,　,　,　,　,　,　,　,　, ,　,　,55 mm,60x86 mm,360 g, ,,,,,,,,,,,,,,,
Anhui ChangGeng Optical Technology,LAOWA Nanomorph 50mm T2.4 1.5x Cine Amber [ソニーE用],K0001566630,α Eマウント系,単焦点,MF,アナモフィックレンズ,　,　,13群15枚,13 枚,50 mm,70cm,　,　,　,　,　,　,　,　,　,　,　,　,　, ,　,　,55 mm,60x96 mm,390 g, ,,,,,,,,,,,,,,,
Anhui ChangGeng Optical Technology,LAOWA Nanomorph 50mm T2.4 1.5x Cine Blue [ソニーE用],K0001566622,α Eマウント系,単焦点,MF,アナモフィックレンズ,　,　,13群15枚,13 枚,50 mm,70cm,　,　,　,　,　,　,　,　,　,　,　,　,　, ,　,　,55 mm,60x96 mm,390 g, ,,,,,,,,,,,,,,,
Anhui ChangGeng Optical Technology,LAOWA Nanomorph 50mm T2.4 1.5x Cine Silver [ソニーE用],K0001566638,α Eマウント系,単焦点,MF,アナモフィックレンズ,　,　,13群15枚,13 枚,50 mm,70cm,　,　,　,　,　,　,　,　,　,　,　,　,　, ,　,　,55 mm,60x96 mm,390 g, ,,,,,,,,,,,,,,,
Anhui ChangGeng Optical Technology,LAOWA 65mm T2.9 2x Macro APO S35 Cine [ソニーE用],K0001565693,α Eマウント系,単焦点,MF,マクロレンズ,　,　,10群14枚,9 枚,65 mm,17cm,2倍,　,24.4 度,　,　,　,　,　,TRUE,　,　,　,　, ,　,　,77 mm,　,　, ,,,,,,,,,,,,,,,
Anhui ChangGeng Optical Technology,LAOWA 100mm T2.9 2x Macro APO Cine [ソニーE用],K0001565689,α Eマウント系,単焦点,MF,マクロシネマレンズ,TRUE,　,10群12枚,13 枚,100 mm,24.7cm,2倍,　,24.4 度,　,　,　,　,　,TRUE,　,　,　,　, ,　,　,77 mm,85.6x163 mm,957 g, ,,,,,,,,,,,,,,,
SIRUI,135mm T2.9 1.8X アナモルフィックレンズ Venus E135 [ソニーE用],K0001526827,α Eマウント系,単焦点,MF,フルサイズアナモルフィックレンズ,TRUE,　,11群16枚,12 枚,135 mm,0.9m,1：5.26(V)、1：9.11(H),　,　,　,　,　,　,　,　,　,　,　,　, ,　,　,82 mm,88x175 mm,1299 g, ,,,,,,,,,,,,,,,
Lensbaby,コンポーザープロII ダブルグラス II [ソニーE用],K0001520406,α Eマウント系,単焦点,MF,ティルトレンズ,TRUE,　,1群2枚,12 枚,50 mm,380mm,　,F2.5,45 度,　,　,　,　,　,　,　,　,TRUE,　, ,　,　,46 mm,68.1x83 mm,260 g, ,,,,,,,,,,,,,,,
シグマ,50mm F1.4 DG DN [ソニーE用],K0001514820,α Eマウント系,単焦点,AF/MF,大口径標準レンズ,TRUE,　,11群14枚,11 枚,50 mm,45cm,01:06.8,F1.4,46.8 度,　,TRUE,TRUE,　,　,　,　,　,　,　, ,TRUE,　,72 mm,78.2x111.5 mm,660 g, ,,,,,,,,,,,,,,,
シグマ,60-600mm F4.5-6.3 DG DN OS [ソニーE用],K0001508669,α Eマウント系,望遠ズーム,AF/MF,超望遠ズームレンズ,TRUE,　,19群27枚,9 枚,60〜600 mm,45〜260cm,01:02.4,F4.5-6.3,39.6〜4.1 度,TRUE,TRUE,TRUE,　,TRUE,　,　,　,　,　, ,　,　,105 mm,119.4x281.2 mm,2485 g, ,,,,,,,,,,,,,,,
SONY,FE 20-70mm F4 G SEL2070G,K0001510069,α Eマウント系,標準ズーム,AF/MF,標準ズームレンズ,TRUE,　,13群16枚,9 枚,20〜70 mm,0.3m(W)/0.25m(T)(AF時)0.25m(MF時),0.39倍,F4,94〜34 度,　,TRUE,TRUE,　,　,　,　,　,　,　, ,　,　,72 mm,78.7x99 mm,488 g, ,,,,,,,,,,,,,,,
TOKINA,SZ 300mm PRO Reflex F7.1 MF CF [ソニーE用],K0001510433,α Eマウント系,単焦点,MF,超望遠レンズ,　,TRUE,8群8枚,　,300 mm,0.92m,01:02.5,F7.1,5.4 度,　,　,　,　,TRUE,　,　,　,　,TRUE, ,　,　,46 mm,61x74.5 mm,235 g, ,,,,,,,,,,,,,,,
TOKINA,SZ 600mm PRO Reflex F8 MF CF [ソニーE用],K0001510436,α Eマウント系,単焦点,MF,超望遠レンズ,　,TRUE,8群8枚,　,600 mm,1.77m,01:02.5,F8,2.7 度,　,　,　,　,TRUE,　,　,　,　,TRUE, ,　,　,77 mm,88.6x125 mm,545 g, ,,,,,,,,,,,,,,,
TOKINA,SZ 900mm PRO Reflex F11 MF CF [ソニーE用],K0001510439,α Eマウント系,単焦点,MF,超望遠レンズ,　,TRUE,7群7枚,　,900 mm,2.61m,01:02.5,F11,1.8 度,　,　,　,　,TRUE,　,　,　,　,TRUE, ,　,　,86 mm,96.1x168 mm,725 g, ,,,,,,,,,,,,,,,
SIRUI,100mm T2.9 1.6X アナモルフィックレンズ Venus E100 [ソニーE用],K0001497224,α Eマウント系,単焦点,MF,フルサイズアナモルフィックレンズ,TRUE,　,13群15枚,13 枚,100 mm,0.93m,1：8.5(V)、 1：13.64(H),　,　,　,　,　,　,　,　,　,　,　,　, ,　,　,82 mm,88x166 mm,1480 g, ,,,,,,,,,,,,,,,
SIRUI,35mm T2.9 1.6X アナモルフィックレンズ Venus E35 [ソニーE用],K0001497220,α Eマウント系,単焦点,MF,フルサイズアナモルフィックレンズ,TRUE,　,13群18枚,10 枚,35 mm,0.9m,1：22.87(V)、 1：40.08(H),　,　,　,　,　,　,　,　,　,　,　,　, ,　,　,82 mm,88x120 mm,934 g, ,,,,,,,,,,,,,,,
銘匠光学,TTArtisan 50mm f/2 (S) シルバー [ソニーE用],K0001513178,α Eマウント系,単焦点,MF,単焦点レンズ,TRUE,　,5群6枚,10 枚,50 mm,0.5m,　,F2,　,　,　,　,　,　,　,　,　,　,　, ,　,　,43 mm,60x35 mm,　, ,,,,,,,,,,,,,,,
Anhui ChangGeng Optical Technology,LAOWA Argus 25mm F0.95 CF APO [ソニーE用],K0001508788,α Eマウント系,単焦点,MF,単焦点レンズ,　,TRUE,9群14枚,9 枚,25 mm,34cm,0.15倍,F0.95,58.8 度,　,　,　,　,　,　,　,　,　,　, ,　,　,62 mm,71.5x81 mm,575 g, ,,,,,,,,,,,,,,,
Anhui ChangGeng Optical Technology,LAOWA 58mm F2.8 2x Ultra Macro APO [ソニーE用],K0001508793,α Eマウント系,単焦点,MF,マクロレンズ,TRUE,　,11群14枚,13 枚,58 mm,18.5cm,2倍,F2.8,40.9 度,　,　,　,　,　,TRUE,　,　,　,　, ,　,　,67 mm,74x117 mm,595 g, ,,,,,,,,,,,,,,,
FUNLEADER,CAPLENS Pro 18mm f/8 FL188E Pro [ソニーE用],K0001509719,α Eマウント系,単焦点,MF,ボディキャップレンズ,TRUE,　,5群6枚,　,18 mm,0.3m,　,F8,100 度,　,　,　,TRUE,　,　,　,　,　,　, ,　,　,　,59x12 mm,71 g, ,,,,,,,,,,,,,,,
銘匠光学,TTArtisan 35mm f/0.95 C [ソニーE用],K0001505236,α Eマウント系,単焦点,MF,超大口径レンズ,　,TRUE,5群7枚,10 枚,35 mm,0.35m,　,F0.95,　,　,　,　,　,　,　,　,　,　,　, ,TRUE,　,52 mm,56x41 mm,250 g, ,,,,,,,,,,,,,,,
銘匠光学,TTArtisan Tilt 50mm f/1.4 [ソニーE用],K0001501574,α Eマウント系,単焦点,MF,ティルトレンズ,TRUE,　,6群7枚,12 枚,50 mm,0.5m,　,F1.4,　,　,　,　,　,　,　,　,　,TRUE,　, ,　,　,62 mm,68x68 mm,450 g, ,,,,,,,,,,,,,,,
TOKINA,atx-m 11-18mm WE F2.8 E ホワイトエディション,K0001501988,α Eマウント系,広角ズーム,　,超広角ズームレンズ,　,TRUE,11群13枚,9 枚,11〜18 mm,0.19m/0.3m,1：9.2/1：12.4,F2.8,104.3〜76.7 度,　,　,　,TRUE,　,　,　,　,　,　, ,　,　,67 mm,74.4x74.1 mm,　, ,,,,,,,,,,,,,,,
Anhui ChangGeng Optical Technology,LAOWA 10mm F4 Cookie [ソニーE用],K0001491238,α Eマウント系,単焦点,MF,パンケーキレンズ,　,TRUE,8群12枚,5 枚,10 mm,10cm,0.15倍,F4,109.3 度,　,　,　,　,　,　,　,　,　,　, ,　,TRUE,37 mm,　,　, ,,,,,,,,,,,,,,,
Anhui ChangGeng Optical Technology,LAOWA 12-24mm F5.6 ZOOM [ソニーE用],K0001487997,α Eマウント系,広角ズーム,MF,超広角ズームレンズ,TRUE,　,11群15枚,5 枚,12〜24 mm,15cm,0.4倍,F5.6,84〜121.9 度,　,　,　,TRUE,　,　,　,　,　,　, ,　,　,77 mm,　,　, ,,,,,,,,,,,,,,,
TAMRON,20-40mm F/2.8 Di III VXD (Model A062),K0001475980,α Eマウント系,標準ズーム,AF/MF,大口径標準ズームレンズ,TRUE,　,11群12枚,9 枚,20〜40 mm,0.17m(WIDE)/0.29m(TELE),1：3.8(WIDE)/1：5.1(TELE),F2.8,94.3〜56.49 度,　,TRUE,　,　,　,　,　,　,　,　, ,TRUE,　,67 mm,74.4x86.5 mm,365 g, ,,,,,,,,,,,,,,,
Lensbaby,Soft Focus Macro Kit [ソニーE用],K0001481990,α Eマウント系,単焦点,MF,　,　,　,1群2枚,12 枚,50 mm,38cm,　,F2.5,　,　,　,　,　,　,　,　,　,　,　, ,　,　,46 mm,　,　, ,,,,,,,,,,,,,,,
SAMYANG,AF 85mm F1.4 FE II,K0001480196,α Eマウント系,単焦点,AF/MF,大口径レンズ,TRUE,　,8群11枚,9 枚,85 mm,0.85m,0.12倍,F1.4,28.9 度,　,　,　,　,　,　,　,　,　,　, ,TRUE,　,72 mm,83.4x99.5 mm,509 g, ,,,,,,,,,,,,,,,
TOKINA,atx-m 11-18mm F2.8 E,K0001473417,α Eマウント系,広角ズーム,　,超広角ズームレンズ,　,TRUE,11群13枚,9 枚,11〜18 mm,0.19m/0.3m,1：9.2/1：12.4,F2.8,104.3〜76.7 度,　,　,　,TRUE,　,　,　,　,　,　, ,　,　,67 mm,74.4x74.1 mm,　, ,,,,,,,,,,,,,,,
TOKINA,atx-m 23mm F1.4 PLUS [ソニーE用],K0001478590,α Eマウント系,単焦点,AF,単焦点AFレンズ,　,TRUE,10群11枚,9 枚,23 mm,0.3m,1:10,F1.4,63.4 度,　,　,　,TRUE,　,　,　,　,　,　, ,　,　,52 mm,65x72 mm,276 g, ,,,,,,,,,,,,,,,
TOKINA,atx-m 56mm F1.4 PLUS [ソニーE用],K0001478594,α Eマウント系,単焦点,AF,単焦点AFレンズ,　,TRUE,9群10枚,9 枚,56 mm,0.6m,1:10,F1.4,28 度,　,　,　,　,　,　,　,　,　,　, ,　,　,52 mm,65x72 mm,　, ,,,,,,,,,,,,,,,
TOKINA,atx-m 33mm F1.4 PLUS [ソニーE用],K0001478592,α Eマウント系,単焦点,AF,単焦点AFレンズ,　,TRUE,9群10枚,9 枚,33 mm,0.4m,1:10,F1.4,45.7 度,　,　,　,　,　,　,　,　,　,　, ,　,　,52 mm,65x72 mm,285 g, ,,,,,,,,,,,,,,,
Anhui ChangGeng Optical Technology,LAOWA 90mm F2.8 2x Ultra Macro APO [ソニーE用],K0001475914,α Eマウント系,単焦点,MF,マクロレンズ,TRUE,　,10群13枚,13 枚,90 mm,20.5cm,2倍,F2.8,27 度,　,　,　,　,　,TRUE,　,　,　,　, ,　,　,67 mm,　,　, ,,,,,,,,,,,,,,,
TOKINA,atx-m 85mm F1.8 FE PLUS,K0001471316,α Eマウント系,単焦点,AF/MF,単焦点レンズ,TRUE,　,7群10枚,9 枚,85 mm,0.8m,1:08,F1.8,28.5 度,　,　,　,　,　,　,　,　,　,　, ,　,　,72 mm,80x93 mm,645 g, ,,,,,,,,,,,,,,,
TAMRON,50-400mm F/4.5-6.3 Di III VC VXD (Model A067),K0001466747,α Eマウント系,望遠ズーム,AF/MF,超望遠ズームレンズ,TRUE,　,18群24枚,9 枚,50〜400 mm,0.25m(WIDE)/1.5m(TELE),1：2(WIDE)/1：4(TELE),F4.5-6.3,46.48〜6.11 度,TRUE,TRUE,　,　,TRUE,　,　,　,　,　, ,　,　,67 mm,88.5x183.4 mm,1155 g, ,,,,,,,,,,,,,,,
銘匠光学,TTArtisan 25mm f/2 C [ソニーE用],K0001473279,α Eマウント系,単焦点,MF,準広角単焦点レンズ,　,TRUE,5群7枚,7 枚,25 mm,0.25m,　,F2,　,　,　,　,TRUE,　,　,　,　,　,　, ,　,　,43 mm,　,　, ,,,,,,,,,,,,,,,
Machang Optical,KamLan 55mm F1.4 [ソニーE用],K0001465743,α Eマウント系,単焦点,MF,標準レンズ,TRUE,　,6群8枚,13 枚,55 mm,0.5m,　,F1.4,40.5 度,　,　,　,　,　,　,　,　,　,　, ,　,　,58 mm,　,　, ,,,,,,,,,,,,,,,
シグマ,24mm F1.4 DG DN [ソニーE用],K0001463453,α Eマウント系,単焦点,AF/MF,大口径広角レンズ,TRUE,　,14群17枚,11 枚,24 mm,25cm,01:07.1,F1.4,84.1 度,　,TRUE,TRUE,TRUE,　,　,　,　,　,　, ,TRUE,　,72 mm,75.7x97.5 mm,510 g, ,,,,,,,,,,,,,,,
シグマ,20mm F1.4 DG DN [ソニーE用],K0001463451,α Eマウント系,単焦点,AF/MF,大口径超広角レンズ,TRUE,　,15群17枚,11 枚,20 mm,23cm,01:06.1,F1.4,94.5 度,　,TRUE,TRUE,TRUE,　,　,　,　,　,　, ,TRUE,　,82 mm,87.8x113.2 mm,630 g, ,,,,,,,,,,,,,,,
SIRUI,75mm T2.9 1.6X アナモルフィックレンズ Venus E75 [ソニーE用],K0001446616,α Eマウント系,単焦点,MF,フルサイズアナモルフィックレンズ,TRUE,　,13群15枚,10 枚,75 mm,0.85m,1：10.15(V)、1：15.66(H),　,　,　,　,　,　,　,　,　,　,　,　, ,　,　,82 mm,88x155.5 mm,1373 g, ,,,,,,,,,,,,,,,
銘匠光学,TTArtisan 50mm f/2 [ソニーE用],K0001461116,α Eマウント系,単焦点,MF,単焦点レンズ,TRUE,　,5群6枚,10 枚,50 mm,0.5m,　,F2,　,　,　,　,　,　,　,　,　,　,　, ,　,　,43 mm,60x35 mm,　, ,,,,,,,,,,,,,,,
Lensbaby,コンポーザープロII Soft Focus II [ソニーE用],K0001458711,α Eマウント系,単焦点,MF,ソフトフォーカスレンズ,TRUE,　,1群2枚,12 枚,50 mm,38cm,　,F2.5,45 度,　,　,　,　,　,　,　,　,TRUE,　, ,　,　,46 mm,　,　, ,,,,,,,,,,,,,,,
Anhui ChangGeng Optical Technology,LAOWA 15mm F4.5R Zero-D Shift [ソニーE用],K0001458829,α Eマウント系,単焦点,MF,超広角シフトレンズ,TRUE,　,11群17枚,14 枚,15 mm,20cm,　,F4.5,110 度,　,　,　,TRUE,　,　,　,　,　,　, ,　,　,　,　,　, ,,,,,,,,,,,,,,,
Anhui ChangGeng Optical Technology,LAOWA 20mm F4 Zero-D Shift [ソニーE用],K0001441137,α Eマウント系,単焦点,MF,超広角レンズ,TRUE,　,11群16枚,14 枚,20 mm,25cm,0.17倍,F4,94.4 度,　,　,　,TRUE,　,　,　,　,　,　, ,　,　,82 mm,　,　, ,,,,,,,,,,,,,,,
SONY,E 11 mm F1.8 SEL11F18,K0001447053,α Eマウント系,単焦点,AF/MF,超広角大口径単焦点レンズ,　,TRUE,11群12枚,7 枚,11 mm,0.15m(AF時)/0.12m(MF時),0.13倍(AF時)/0.2倍(MF時),F1.8,104 度,　,TRUE,TRUE,TRUE,　,　,　,　,　,　, ,TRUE,　,55 mm,66x57.5 mm,181 g, ,,,,,,,,,,,,,,,
SONY,E PZ 10-20mm F4 G SELP1020G,K0001447051,α Eマウント系,広角ズーム,AF/MF,超広角パワーズームレンズ,　,TRUE,8群11枚,7 枚,10〜20 mm,0.2m(AF時)Wide：0.13m/Tele：0.17m(MF時),0.14倍(AF時)/0.18倍(MF時),F4,109〜70 度,　,TRUE,TRUE,TRUE,　,　,　,　,　,　, ,　,　,62 mm,69.8x55 mm,178 g, ,,,,,,,,,,,,,,,
SONY,E 15mm F1.4 G SEL15F14G,K0001447052,α Eマウント系,単焦点,AF/MF,広角大口径単焦点レンズ,　,TRUE,12群13枚,7 枚,15 mm,0.2m(AF時)/0.17m(MF時),0.12倍(AF時)/0.15倍(MF時),F1.4,87 度,　,TRUE,TRUE,TRUE,　,　,　,　,　,　, ,TRUE,　,55 mm,66.6x69.5 mm,219 g, ,,,,,,,,,,,,,,,
TOKINA,SZ 8mm F2.8 FISH-EYE MF [ソニーE用],K0001447706,α Eマウント系,単焦点,MF,対角魚眼レンズ,　,TRUE,9群11枚,7 枚,8 mm,0.1m,　,F2.8,180 度,　,　,　,　,　,　,　,TRUE,　,　, ,　,　,　,59.8x52 mm,280 g, ,,,,,,,,,,,,,,,
TOKINA,SZ 33mm F1.2 MF [ソニーE用],K0001447708,α Eマウント系,単焦点,MF,大口径標準レンズ,　,TRUE,7群9枚,11 枚,33 mm,0.5m,1:13,F1.2,48 度,　,　,　,　,　,　,　,　,　,　, ,TRUE,　,62 mm,71x87.2 mm,605 g, ,,,,,,,,,,,,,,,
七工匠,7Artisans 25mm F0.95 ED 25095EB [ソニーE用],K0001451516,α Eマウント系,単焦点,MF,準広角レンズ,　,TRUE,9群11枚,13 枚,25 mm,0.25m,　,F0.95,　,　,　,　,TRUE,　,　,　,　,　,　, ,　,　,52 mm,62x95 mm,590 g, ,,,,,,,,,,,,,,,
シグマ,16-28mm F2.8 DG DN [ソニーE用],K0001447055,α Eマウント系,広角ズーム,AF/MF,大口径超広角ズームレンズ,TRUE,　,11群16枚,9 枚,16〜28 mm,25cm,01:05.6,F2.8,107〜75.4 度,　,TRUE,TRUE,TRUE,　,　,　,　,　,　, ,TRUE,　,72 mm,77.2x102.6 mm,450 g, ,,,,,,,,,,,,,,,
SAMYANG,AF 35mm F1.4 FE II,K0001447755,α Eマウント系,単焦点,AF/MF,大口径AFレンズ,TRUE,　,9群11枚,9 枚,35 mm,0.29m,0.18倍,F1.4,65.5 度,　,　,　,　,　,　,　,　,　,　, ,TRUE,　,67 mm,75x115 mm,659 g, ,,,,,,,,,,,,,,,
SONY,FE 24-70mm F2.8 GM II SEL2470GM2,K0001438602,α Eマウント系,標準ズーム,AF/MF,大口径標準ズームレンズ,TRUE,　,15群20枚,11 枚,24〜70 mm,0.21m(W)/0.3m(T),0.32倍,F2.8,84〜34 度,　,TRUE,TRUE,　,　,　,　,　,　,　, ,TRUE,　,82 mm,87.8x119.9 mm,695 g, ,,,,,,,,,,,,,,,
SAMYANG,AF 135mm F1.8 FE,K0001444132,α Eマウント系,単焦点,AF/MF,大口径望遠AFレンズ,TRUE,　,11群13枚,11 枚,135 mm,0.69m,0.243倍,F1.8,18.9 度,　,　,　,　,TRUE,　,　,　,　,　, ,TRUE,　,82 mm,93.4x129.6 mm,772 g, ,,,,,,,,,,,,,,,
SONY,FE PZ 16-35mm F4 G SELP1635G,K0001430576,α Eマウント系,広角ズーム,AF/MF,広角パワーズームレンズ,TRUE,　,12群13枚,7 枚,16〜35 mm,0.28m(W)/0.24m(T),0.23倍,F4,107〜63 度,　,TRUE,TRUE,TRUE,　,　,　,　,　,　, ,　,　,72 mm,80.5x88.1 mm,353 g, ,,,,,,,,,,,,,,,
銘匠光学,TTArtisan 50mm f/0.95 C [ソニーE用],K0001443142,α Eマウント系,単焦点,MF,大口径中望遠レンズ,　,TRUE,6群8枚,10 枚,50 mm,0.5m,　,F0.95,　,　,　,　,　,　,　,　,　,　,　, ,TRUE,　,58 mm,62x61 mm,410 g, ,,,,,,,,,,,,,,,
銘匠光学,TTArtisan 50mm f/1.2 C シルバー [ソニーE用],K0001438828,α Eマウント系,単焦点,MF,中望遠レンズ,　,TRUE,5群7枚,10 枚,50 mm,0.5m,　,F1.2,　,　,　,　,　,　,　,　,　,　,　, ,TRUE,　,52 mm,62x55 mm,335 g, ,,,,,,,,,,,,,,,
TOKINA,SZX 400mm F8 Reflex & 2X エクステンダーKIT MF [ソニーE用],K0001436340,α Eマウント系,単焦点,MF,超望遠レンズ,TRUE,　,5群6枚,　,400 mm,1.15m,01:02.5,F8,6.13 度,　,　,　,　,TRUE,　,　,　,　,TRUE, ,　,　,67 mm,　,　, ,,,,,,,,,,,,,,,
Lensbaby,Soft Focus II 50 [ソニーE用],K0001436346,α Eマウント系,単焦点,MF,ソフトフォーカスレンズ,TRUE,　,1群2枚,12 枚,50 mm,38cm,　,F2.5,45 度,　,　,　,　,　,　,　,　,　,　, ,　,　,46 mm,　,103 g, ,,,,,,,,,,,,,,,
SIRUI,50mm T2.9 1.6X アナモルフィックレンズ FFEK6-E [ソニーE用],K0001420087,α Eマウント系,単焦点,MF,フルサイズアナモルフィックレンズ,TRUE,　,13群16枚,10 枚,50 mm,0.75m,1：12.83(V)、1：20.42(H),　,　,　,　,　,　,　,　,　,　,　,　, ,　,　,82 mm,88x141.3 mm,1030.6 g, ,,,,,,,,,,,,,,,
SAMYANG,AF 24-70mm F2.8 FE,K0001430110,α Eマウント系,標準ズーム,AF/MF,大口径AFズームレンズ,TRUE,　,14群17枚,9 枚,24〜70 mm,0.35m,0.1倍〜0.27倍,F2.8,34.4〜85.6 度,　,TRUE,TRUE,　,　,　,　,　,　,　, ,TRUE,　,82 mm,88x128.5 mm,1027 g, ,,,,,,,,,,,,,,,
銘匠光学,TTArtisan レンズ3本セット チタニウムカラー [ソニーE用],K0001430598,α Eマウント系,単焦点,MF,単焦点レンズ,　,TRUE,　,10 枚,　,　,　,　,　,　,　,　,　,　,　,　,　,　,　, ,TRUE,　,　,　,　, ,,,,,,,,,,,,,,,
銘匠光学,TTArtisan 90mm f/1.25 [ソニーE用],K0001428494,α Eマウント系,単焦点,MF,大口径中望遠レンズ,　,　,7群11枚,10 枚,90 mm,1m,　,F1.25,　,　,　,　,　,　,　,　,　,　,　, ,TRUE,　,77 mm,　,　, ,,,,,,,,,,,,,,,
Anhui ChangGeng Optical Technology,LAOWA Mini 85mm F5.6 2X Ultra Macro APO [ソニーE用],K0001423743,α Eマウント系,単焦点,MF,マクロレンズ,TRUE,　,9群13枚,7 枚,85 mm,16.3cm,2倍,F5.6,28.55 度,　,　,　,　,　,TRUE,　,　,　,　, ,　,　,46 mm,　,　, ,,,,,,,,,,,,,,,
TOKINA,SZ 500mm F8 Reflex MF [ソニーE用],K0001418846,α Eマウント系,単焦点,MF,超望遠レンズ,TRUE,　,7群7枚,　,500 mm,1.7m,01:02.9,F8,4.8 度,　,　,　,　,TRUE,　,　,　,　,TRUE, ,　,　,72 mm,　,620 g, ,,,,,,,,,,,,,,,
シグマ,20mm F2 DG DN [ソニーE用],K0001421152,α Eマウント系,単焦点,AF/MF,超広角レンズ,TRUE,　,11群13枚,9 枚,20 mm,22cm,01:06.7,F2,94.5 度,　,TRUE,TRUE,TRUE,　,　,　,　,　,　, ,　,　,62 mm,70x74.4 mm,370 g, ,,,,,,,,,,,,,,,
Anhui ChangGeng Optical Technology,LAOWA Argus FF II 45mm F0.95 [ソニーE用],K0001417318,α Eマウント系,単焦点,MF,単焦点レンズ,TRUE,　,9群13枚,15 枚,45 mm,50cm,0.12倍,F0.95,51.3 度,　,　,　,　,　,　,　,　,　,　, ,　,　,72 mm,　,　, ,,,,,,,,,,,,,,,
銘匠光学,TTArtisan 23mm f/1.4 C ブラック×シルバー [ソニーE用],K0001414536,α Eマウント系,単焦点,MF,大口径準広角レンズ,　,TRUE,6群8枚,10 枚,23 mm,0.2m,　,F1.4,　,　,　,　,TRUE,　,　,　,　,　,　, ,TRUE,　,43 mm,60x40.5 mm,225 g, ,,,,,,,,,,,,,,,
SAMYANG,AF 50mm F1.4 FE II,K0001411098,α Eマウント系,単焦点,AF/MF,大口径標準レンズ,TRUE,　,8群11枚,9 枚,50 mm,0.4m,0.16倍,F1.4,45.7 度,　,　,　,　,　,　,　,　,　,　, ,TRUE,　,72 mm,80.1x88.9 mm,420 g, ,,,,,,,,,,,,,,,
DZOFILM,Catta Zoom 35-80mm T2.9 DZO-FF3580E [ホワイト],K0001566665,α Eマウント系,標準ズーム,MF,フルフレームズームレンズ,TRUE,　,15群20枚,16 枚,35〜80 mm,0.74m,　,　,　,　,　,　,　,　,　,　,　,　,　, ,　,　,77 mm,　,1532 g, ,,,,,,,,,,,,,,,
DZOFILM,Catta Zoom 70-135mm T2.9 DZO-FF70135E [ホワイト],K0001566666,α Eマウント系,標準ズーム,MF,フルフレームズームレンズ,TRUE,　,11群17枚,16 枚,70〜135 mm,0.76m,　,　,　,　,　,　,　,　,　,　,　,　,　, ,　,　,77 mm,　,1597 g, ,,,,,,,,,,,,,,,
七工匠,7Artisans 50mm F0.95 50095EB [ソニーE用],K0001412426,α Eマウント系,単焦点,MF,超大口径標準レンズ,　,TRUE,5群7枚,13 枚,50 mm,0.45m,　,F0.95,　,　,　,　,　,　,　,　,　,　,　, ,TRUE,　,62 mm,68x56 mm,　, ,,,,,,,,,,,,,,,
SONY,FE 70-200mm F2.8 GM OSS II SEL70200GM2,K0001391418,α Eマウント系,望遠ズーム,AF/MF,大口径望遠ズームレンズ,TRUE,　,14群17枚,11 枚,70〜200 mm,0.4m〜0.82m,0.3倍,F2.8,34〜12.3 度,TRUE,TRUE,TRUE,　,TRUE,　,　,　,　,　, ,TRUE,　,77 mm,88x200 mm,1045 g, ,,,,,,,,,,,,,,,
TOKINA,atx-m 33mm F1.4 E,K0001393926,α Eマウント系,単焦点,AF,単焦点レンズ,　,TRUE,9群10枚,9 枚,33 mm,0.4m,1:10,F1.4,45.7 度,　,　,　,　,　,　,　,　,　,　, ,　,　,52 mm,65x72 mm,285 g, ,,,,,,,,,,,,,,,
TOKINA,atx-m 56mm F1.4 E,K0001393927,α Eマウント系,単焦点,AF,単焦点レンズ,　,TRUE,9群10枚,9 枚,56 mm,0.6m,1:10,F1.4,28 度,　,　,　,　,　,　,　,　,　,　, ,　,　,52 mm,65x72 mm,305 g, ,,,,,,,,,,,,,,,
TOKINA,atx-m 23mm F1.4 E,K0001393925,α Eマウント系,単焦点,AF,単焦点レンズ,　,TRUE,10群11枚,9 枚,23 mm,0.3m,1:10,F1.4,63.4 度,　,　,　,　,　,　,　,　,　,　, ,　,　,52 mm,65x72 mm,276 g, ,,,,,,,,,,,,,,,
七工匠,7Artisans 35mm F0.95 35095EB [ソニーE用],K0001403022,α Eマウント系,単焦点,MF,超大口径標準レンズ,　,TRUE,　,12 枚,35 mm,　,　,F0.95,43.9 度,　,　,　,　,　,　,　,　,　,　, ,TRUE,　,52 mm,　,　, ,,,,,,,,,,,,,,,
七工匠,7Artisans 50mm F1.05 50105EB [ソニーE用],K0001403018,α Eマウント系,単焦点,MF,超大口径標準レンズ,TRUE,　,7群10枚,　,50 mm,0.57m,　,F1.05,　,　,　,　,　,　,　,　,　,　,　, ,TRUE,　,58 mm,　,　, ,,,,,,,,,,,,,,,
シグマ,18-50mm F2.8 DC DN [ソニーE用],K0001393012,α Eマウント系,標準ズーム,AF/MF,大口径標準ズームレンズ,　,TRUE,10群13枚,7 枚,18〜50 mm,W：12.1cm/T：30cm,W：1：2.8/T：1：5,F2.8,76.5〜31.7 度,　,TRUE,TRUE,　,　,　,　,　,　,　, ,TRUE,　,55 mm,61.6x76.5 mm,290 g, ,,,,,,,,,,,,,,,
TAMRON,28-75mm F/2.8 Di III VXD G2 (Model A063),K0001388145,α Eマウント系,標準ズーム,AF/MF,大口径標準ズームレンズ,TRUE,　,15群17枚,9 枚,28〜75 mm,0.18m(WIDE)/0.38m(TELE),1：2.7(WIDE)/1：4.1(TELE),F2.8,75.23〜32.11 度,　,TRUE,　,　,　,　,　,　,　,　, ,TRUE,　,67 mm,75.8x117.6 mm,540 g, ,,,,,,,,,,,,,,,
TAMRON,35-150mm F/2-2.8 Di III VXD (Model A058),K0001388144,α Eマウント系,望遠ズーム,AF/MF,大口径望遠ズームレンズ,TRUE,　,15群21枚,9 枚,35〜150 mm,0.33m(WIDE)/0.85m(TELE),1：5.7(WIDE)/1：5.9(TELE),F2-2.8,63.26〜16.25 度,　,TRUE,　,　,TRUE,　,　,　,　,　, ,TRUE,　,82 mm,89.2x158 mm,1165 g, ,,,,,,,,,,,,,,,
中一光学,APO 135mm F2.5 ED [ソニーE用],K0001403027,α Eマウント系,単焦点,MF,中望遠レンズ,TRUE,　,7群9枚,9 枚,135 mm,1m,0.1倍,F2.5,　,　,　,　,　,　,　,　,　,　,　, ,　,　,67 mm,79x162 mm,900 g, ,,,,,,,,,,,,,,,
Anhui ChangGeng Optical Technology,LAOWA Argus FF II 35mm F0.95 [ソニーE用],K0001387053,α Eマウント系,単焦点,MF,単焦点レンズ,TRUE,　,9群14枚,15 枚,35 mm,0.5m,0.1倍,F0.95,63.4 度,　,　,　,　,　,　,　,　,　,　, ,　,　,72 mm,　,　, ,,,,,,,,,,,,,,,
銘匠光学,TTArtisan 40mm f/2.8 MACRO C [ソニーE用],K0001388500,α Eマウント系,単焦点,MF,マクロレンズ,　,TRUE,7群8枚,11 枚,40 mm,0.17m,　,F2.8,　,　,　,　,　,　,TRUE,　,　,　,　, ,　,　,52 mm,62x74 mm,370 g, ,,,,,,,,,,,,,,,
シグマ,90mm F2.8 DG DN [ソニーE用],K0001382868,α Eマウント系,単焦点,AF/MF,中望遠レンズ,TRUE,　,10群11枚,9 枚,90 mm,0.5m,1:05,F2.8,27 度,　,TRUE,TRUE,　,　,　,　,　,　,　, ,　,　,55 mm,64x61.7 mm,295 g, ,,,,,,,,,,,,,,,
シグマ,24mm F2 DG DN [ソニーE用],K0001382866,α Eマウント系,単焦点,AF/MF,広角レンズ,TRUE,　,11群13枚,9 枚,24 mm,0.245m,01:06.7,F2,84.1 度,　,TRUE,TRUE,TRUE,　,　,　,　,　,　, ,　,　,62 mm,70x74 mm,360 g, ,,,,,,,,,,,,,,,
TAMRON,18-300mm F/3.5-6.3 Di III-A VC VXD (Model B061) [ソニーE用],K0001378050,α Eマウント系,標準ズーム,AF,高倍率ズームレンズ,　,TRUE,15群19枚,7 枚,18〜300 mm,0.15m(WIDE)/0.99m(TELE),1：2(WIDE)/1：4(TELE),F3.5-6.3,77.24〜5.30 度,TRUE,TRUE,　,　,　,　,TRUE,　,　,　, ,　,　,67 mm,75.5x125.6 mm,620 g, ,,,,,,,,,,,,,,,
SIRUI,75mm F1.8 1.33X アナモルフィックレンズ SR75-E [ソニーE用],K0001382805,α Eマウント系,単焦点,MF,アナモルフィックレンズ,　,TRUE,12群16枚,13 枚,75 mm,1.2m,1：14.47(V)、1：18.45(H),F1.8,　,　,　,　,　,　,　,　,　,　,　, ,　,　,67 mm,73x132.4 mm,800 g, ,,,,,,,,,,,,,,,
シグマ,150-600mm F5-6.3 DG DN OS [ソニーE用],K0001374355,α Eマウント系,望遠ズーム,AF/MF,超望遠ズームレンズ,TRUE,　,15群25枚,9 枚,150〜600 mm,58〜280cm,01:02.9,F5-6.3,16.4〜4.1 度,TRUE,TRUE,TRUE,　,TRUE,　,　,　,　,　, ,　,　,95 mm,109.4x265.6 mm,2100 g, ,,,,,,,,,,,,,,,
銘匠光学,TTArtisan 50mm f/1.4 ASPH [ソニーE用],K0001375673,α Eマウント系,単焦点,MF,標準レンズ,TRUE,　,8群10枚,12 枚,50 mm,0.5m,　,F1.4,　,　,　,　,　,　,　,　,　,　,　, ,TRUE,　,49 mm,60x69 mm,　, ,,,,,,,,,,,,,,,
七工匠,7Artisans 55mm F1.4 II 5514EB-II [ソニーE用],K0001374158,α Eマウント系,単焦点,MF,中望遠レンズ,　,TRUE,5群6枚,9 枚,55 mm,0.42m,　,F1.4,29.5 度,　,　,　,　,　,　,　,　,　,　, ,　,　,52 mm,60x60 mm,360 g, ,,,,,,,,,,,,,,,
Meyer Optik Gorlitz,Trioplan 50mmF2.8 II [ソニーE用],K0001385348,α Eマウント系,単焦点,　,標準レンズ,　,　,3群3枚,12 枚,50 mm,0.4m,　,F2.8,46 度,　,　,　,　,　,　,　,　,　,　, ,　,　,52 mm,　,　, ,,,,,,,,,,,,,,,
Meyer Optik Gorlitz,Lydith 30mmF3.5 II [ソニーE用],K0001385375,α Eマウント系,単焦点,　,広角レンズ,　,　,　,10 枚,30 mm,0.15m,　,F3.5,71 度,　,　,　,TRUE,　,　,　,　,　,　, ,　,　,52 mm,　,　, ,,,,,,,,,,,,,,,
Meyer Optik Gorlitz,Primoplan 58mmF1.9 II [ソニーE用],K0001385366,α Eマウント系,単焦点,　,単焦点レンズ,　,　,4群5枚,14 枚,58 mm,0.5m,　,F1.9,41 度,　,　,　,　,　,　,　,　,　,　, ,　,　,52 mm,　,　, ,,,,,,,,,,,,,,,
Meyer Optik Gorlitz,Primoplan 75mmF1.9 II [ソニーE用],K0001385357,α Eマウント系,単焦点,　,中望遠レンズ,　,　,4群5枚,15 枚,75 mm,0.75m,　,F1.9,32 度,　,　,　,　,　,　,　,　,　,　, ,　,　,52 mm,　,　, ,,,,,,,,,,,,,,,
Meyer Optik Gorlitz,Trioplan 100mmF2.8 II [ソニーE用],K0001385339,α Eマウント系,単焦点,　,中望遠レンズ,　,　,3群3枚,15 枚,100 mm,0.9m,　,F2.8,24 度,　,　,　,　,　,　,　,　,　,　, ,　,　,52 mm,　,　, ,,,,,,,,,,,,,,,
銘匠光学,TTArtisan 7.5mm f/2 C Fisheye [ソニーE用],K0001371084,α Eマウント系,単焦点,MF,魚眼レンズ,　,TRUE,8群11枚,7 枚,7.5 mm,0.125m,　,F2,　,　,　,　,　,　,　,　,TRUE,　,　, ,　,　,　,72x58 mm,　, ,,,,,,,,,,,,,,,
Anhui ChangGeng Optical Technology,LAOWA Argus CF 33mm F0.95 APO [ソニーE用],K0001371677,α Eマウント系,単焦点,MF,単焦点レンズ,　,TRUE,9群14枚,9 枚,33 mm,0.35m,0.125倍,F0.95,46.2 度,　,　,　,　,　,　,　,　,　,　, ,　,　,62 mm,　,　, ,,,,,,,,,,,,,,,
SIRUI,24mm F2.8 1.33X アナモルフィックレンズ SR24-E [ソニーE用],K0001359097,α Eマウント系,単焦点,MF,アナモルフィックレンズ,　,TRUE,10群13枚,8 枚,24 mm,0.6m,1：21.99(V)、1：29.07(H),F2.8,　,　,　,　,　,　,　,　,　,　,　, ,　,　,72 mm,74x126.1 mm,780 g, ,,,,,,,,,,,,,,,
SAMYANG,AF 12mm F2 E,K0001361634,α Eマウント系,単焦点,AF,大口径超広角レンズ,　,TRUE,10群12枚,7 枚,12 mm,0.19m,0.09倍,F2,99.1 度,　,　,　,TRUE,　,　,　,　,　,　, ,TRUE,　,62 mm,70x59.2 mm,213 g, ,,,,,,,,,,,,,,,
SAMYANG,AF 24mm F1.8 FE,K0001361635,α Eマウント系,単焦点,AF/MF,大口径広角単焦点レンズ,TRUE,　,8群11枚,9 枚,24 mm,0.19m,0.21倍,F1.8,83.7 度,　,　,　,TRUE,　,　,　,　,　,　, ,TRUE,　,58 mm,65x71.5 mm,230 g, ,,,,,,,,,,,,,,,
TAMRON,11-20mm F/2.8 Di III-A RXD (Model B060),K0001350674,α Eマウント系,広角ズーム,AF/MF,大口径超広角ズームレンズ,　,TRUE,10群12枚,7 枚,11〜20 mm,0.15m(WIDE)/0.24m(TELE),1：4(WIDE)/1：7.6(TELE),F2.8,105.2〜71.35 度,　,TRUE,　,TRUE,　,　,　,　,　,　, ,TRUE,　,67 mm,73x86.2 mm,335 g, ,,,,,,,,,,,,,,,
TAMRON,150-500mm F/5-6.7 Di III VC VXD (Model A057),K0001350675,α Eマウント系,望遠ズーム,AF/MF,超望遠ズームレンズ,TRUE,　,16群25枚,7 枚,150〜500 mm,0.6m(WIDE)/1.8m(TELE),1：3.1(WIDE)/1：3.7(TELE),F5-6.7,16.25〜4.57 度,TRUE,TRUE,　,　,TRUE,　,　,　,　,　, ,　,　,82 mm,93x209.6 mm,1725 g, ,,,,,,,,,,,,,,,
銘匠光学,TTArtisan 17mm f/1.4 C ASPH [ソニーE用],K0001358733,α Eマウント系,単焦点,MF,大口径広角レンズ,　,TRUE,8群9枚,10 枚,17 mm,0.2m,　,F1.4,　,　,　,　,TRUE,　,　,　,　,　,　, ,TRUE,　,40.5 mm,56x57.5 mm,250 g, ,,,,,,,,,,,,,,,
FUNLEADER,CAPLENS 18mm f/8.0 FL188E [ソニーE用],K0001358171,α Eマウント系,単焦点,　,ボディキャップレンズ,TRUE,　,5群6枚,　,18 mm,0.8m,　,F8,100 度,　,　,　,TRUE,　,　,　,　,　,　, ,　,　,　,59x10 mm,63 g, ,,,,,,,,,,,,,,,
SONY,FE 14mm F1.8 GM SEL14F18GM,K0001350091,α Eマウント系,単焦点,AF/MF,大口径超広角単焦点レンズ,TRUE,　,11群14枚,9 枚,14 mm,0.25m,0.1倍,F1.8,114 度,　,TRUE,TRUE,TRUE,　,　,　,　,　,　, ,TRUE,　,　,83x99.8 mm,460 g, ,,,,,,,,,,,,,,,
Anhui ChangGeng Optical Technology,LAOWA 15mm F4.5 Zero-D Shift [ソニーE用],K0001356410,α Eマウント系,単焦点,MF,超広角シフトレンズ,TRUE,　,11群17枚,5 枚,15 mm,0.2m,　,F4.5,110 度,　,　,　,TRUE,　,　,　,　,TRUE,　, ,　,　,　,　,　, ,,,,,,,,,,,,,,,
七工匠,7Artisans 7.5mm F2.8 FISH-EYE II ED 75EB-II [ソニーE用],K0001355553,α Eマウント系,単焦点,MF,魚眼レンズ,　,TRUE,9群11枚,7 枚,7.5 mm,0.15m,　,F2.8,190 度,　,　,　,　,　,　,　,TRUE,　,　, ,　,　,　,62.3x53 mm,265 g, ,,,,,,,,,,,,,,,
シグマ,35mm F1.4 DG DN [ソニーE用],K0001351892,α Eマウント系,単焦点,AF/MF,大口径レンズ,TRUE,　,11群15枚,11 枚,35 mm,0.3m,01:05.4,F1.4,63.4 度,　,TRUE,TRUE,　,　,　,　,　,　,　, ,TRUE,　,67 mm,75.5x111.5 mm,640 g, ,,,,,,,,,,,,,,,
銘匠光学,TTArtisan 35mm f/1.4 C シルバー [ソニーE用],K0001350402,α Eマウント系,単焦点,MF,標準レンズ,　,TRUE,6群7枚,10 枚,35 mm,0.28m,　,F1.4,　,　,　,　,　,　,　,　,　,　,　, ,TRUE,　,39 mm,56x50 mm,180 g, ,,,,,,,,,,,,,,,
銘匠光学,TTArtisan 21mm f/1.5 ASPH [ソニーE用],K0001350407,α Eマウント系,単焦点,MF,大口径レンズ,TRUE,　,11群13枚,10 枚,21 mm,0.5m,　,F1.5,　,　,　,　,TRUE,　,　,　,　,　,　, ,TRUE,　,72 mm,56x76 mm,420 g, ,,,,,,,,,,,,,,,
SONY,FE 40mm F2.5 G SEL40F25G,K0001344015,α Eマウント系,単焦点,AF/MF,標準単焦点レンズ,TRUE,　,9群9枚,7 枚,40 mm,0.28m(AF時)/0.25m(MF時),0.2倍(AF時)/0.23倍(MF時),F2.5,57 度,　,TRUE,TRUE,　,　,　,　,　,　,　, ,　,　,49 mm,68x45 mm,173 g, ,,,,,,,,,,,,,,,
SONY,FE 24mm F2.8 G SEL24F28G,K0001344016,α Eマウント系,単焦点,AF/MF,広角単焦点レンズ,TRUE,　,7群8枚,7 枚,24 mm,0.24m(AF時)/0.18m(MF時),0.13倍(AF時)/0.19倍(MF時),F2.8,84 度,　,TRUE,TRUE,TRUE,　,　,　,　,　,　, ,　,　,49 mm,68x45 mm,162 g, ,,,,,,,,,,,,,,,
SONY,FE 50mm F2.5 G SEL50F25G,K0001344014,α Eマウント系,単焦点,AF/MF,標準単焦点レンズ,TRUE,　,9群9枚,7 枚,50 mm,0.35m(AF時)/0.31m(MF時),0.18倍(AF時)/0.21倍(MF時),F2.5,47 度,　,TRUE,TRUE,　,　,　,　,　,　,　, ,　,　,49 mm,68x45 mm,174 g, ,,,,,,,,,,,,,,,
SONY,FE 50mm F1.2 GM SEL50F12GM,K0001342610,α Eマウント系,単焦点,AF/MF,大口径標準単焦点レンズ,TRUE,　,10群14枚,11 枚,50 mm,0.4m,0.17倍,F1.2,47 度,　,TRUE,TRUE,　,　,　,　,　,　,　, ,TRUE,　,72 mm,87x108 mm,778 g, ,,,,,,,,,,,,,,,
コシナ,フォクトレンダー APO-LANTHAR 35mm F2 Aspherical,K0001332659,α Eマウント系,単焦点,MF,準広角レンズ,TRUE,　,9群11枚,12 枚,35 mm,0.35m,01:06.5,F2,62.2 度,　,　,　,TRUE,　,　,　,　,　,　, ,　,　,49 mm,62.6x67.3 mm,352 g, ,,,,,,,,,,,,,,,
七工匠,7Artisans 35mm F5.6 3556EB [ソニーE用],K0001345113,α Eマウント系,単焦点,MF,パンケーキレンズ,TRUE,　,4群5枚,　,35 mm,0.3m,　,F5.6,63 度,　,　,　,　,　,　,　,　,　,　, ,　,TRUE,　,66x21.5 mm,　, ,,,,,,,,,,,,,,,
Lensbaby,Spark 2.0 [ソニーE用],K0001325928,α Eマウント系,単焦点,MF,　,TRUE,　,1群2枚,12 枚,50 mm,　,　,F2.5,　,　,　,　,　,　,　,　,　,TRUE,　, ,　,　,46 mm,　,　, ,,,,,,,,,,,,,,,
シグマ,28-70mm F2.8 DG DN [ソニーE用],K0001334313,α Eマウント系,標準ズーム,AF/MF,大口径標準ズームレンズ,TRUE,　,12群16枚,9 枚,28〜70 mm,W：19cm/T：38cm,W：1：3.3/T：1：4.6,F2.8,75.4〜34.3 度,　,TRUE,TRUE,　,　,　,　,　,　,　, ,TRUE,　,67 mm,72.2x103.5 mm,470 g, ,,,,,,,,,,,,,,,
SONY,FE 35mm F1.4 GM SEL35F14GM,K0001324762,α Eマウント系,単焦点,AF/MF,大口径広角単焦点レンズ,TRUE,　,10群14枚,11 枚,35 mm,0.27m(AF時)/0.25m(MF時),0.23倍(AF時)/0.26倍(MF時),F1.4,63 度,　,TRUE,TRUE,TRUE,　,　,　,　,　,　, ,TRUE,　,67 mm,76x96 mm,524 g, ,,,,,,,,,,,,,,,
銘匠光学,TTArtisan 50mm f/1.2 C [ソニーE用],K0001322119,α Eマウント系,単焦点,MF,中望遠レンズ,　,TRUE,5群7枚,10 枚,50 mm,0.5m,　,F1.2,　,　,　,　,　,　,　,　,　,　,　, ,TRUE,　,52 mm,62x55 mm,335 g, ,,,,,,,,,,,,,,,
Machang Optical,KamLan KL 32mm F1.1 [ソニーE用],K0001331173,α Eマウント系,単焦点,MF,ハイスピードレンズ,　,TRUE,7群9枚,11 枚,32 mm,0.4m,　,F1.1,48 度,　,　,　,　,　,　,　,　,　,　, ,　,　,62 mm,　,　, ,,,,,,,,,,,,,,,
SONY,FE 28-60mm F4-5.6 SEL2860,K0001289786,α Eマウント系,標準ズーム,AF/MF,標準ズームレンズ,TRUE,　,7群8枚,7 枚,28〜60 mm,0.3m(W)/0.45m(T),0.16倍,F4-5.6,75〜40 度,　,TRUE,TRUE,　,　,　,　,　,　,　, ,　,　,40.5 mm,66.6x45 mm,167 g, ,,,,,,,,,,,,,,,
Anhui ChangGeng Optical Technology,LAOWA 14mm F4.0 FF RL Zero-D [ソニーE用],K0001325045,α Eマウント系,単焦点,MF,超広角レンズ,TRUE,　,9群13枚,5 枚,14 mm,0.27m,0.07倍,F4,114 度,　,　,　,TRUE,　,　,　,　,　,　, ,　,　,52 mm,　,　, ,,,,,,,,,,,,,,,
シグマ,24mm F3.5 DG DN [ソニーE用],K0001316190,α Eマウント系,単焦点,AF/MF,広角レンズ,TRUE,　,8群10枚,7 枚,24 mm,0.108m,1:02,F3.5,84.1 度,　,TRUE,TRUE,TRUE,　,　,　,　,　,　, ,　,　,55 mm,64x50.8 mm,230 g, ,,,,,,,,,,,,,,,
Lensbaby,コンポーザープロII W/スウィート80 [ソニーE用],K0001325922,α Eマウント系,単焦点,MF,セレクティブフォーカスレンズ,　,　,2群4枚,12 枚,80 mm,　,　,F2.8,　,　,　,　,　,　,　,　,　,TRUE,　, ,　,　,46 mm,63.5x85.9 mm,303.43 g, ,,,,,,,,,,,,,,,
Lensbaby,コンポーザープロII W/エッジ80 [ソニーE用],K0001325914,α Eマウント系,単焦点,　,ティルトレンズ,TRUE,　,4群5枚,9 枚,80 mm,0.432m,　,F2.8,　,　,　,　,　,　,　,　,　,TRUE,　, ,　,　,46 mm,　,　, ,,,,,,,,,,,,,,,
TAMRON,17-70mm F/2.8 Di III-A VC RXD (Model B070),K0001317069,α Eマウント系,標準ズーム,AF/MF,大口径標準ズームレンズ,　,TRUE,12群16枚,9 枚,17〜70 mm,0.19m(WIDE)/0.39m(TELE),1：4.8(WIDE)/1：5.2(TELE),F2.8,79.55〜23 度,TRUE,TRUE,　,　,　,　,　,　,　,　, ,TRUE,　,67 mm,74.6x119.3 mm,525 g, ,,,,,,,,,,,,,,,
銘匠光学,TTArtisan 35mm f/1.4 C [ソニーE用],K0001321069,α Eマウント系,単焦点,MF,標準レンズ,　,TRUE,6群7枚,10 枚,35 mm,0.28m,　,F1.4,　,　,　,　,　,　,　,　,　,　,　, ,TRUE,　,39 mm,56x50 mm,180 g, ,,,,,,,,,,,,,,,
シグマ,35mm F2 DG DN [ソニーE用],K0001316192,α Eマウント系,単焦点,AF/MF,単焦点レンズ,TRUE,　,9群10枚,9 枚,35 mm,0.27m,01:05.7,F2,63.4 度,　,TRUE,TRUE,　,　,　,　,　,　,　, ,　,　,58 mm,70x67.4 mm,325 g, ,,,,,,,,,,,,,,,
シグマ,65mm F2 DG DN [ソニーE用],K0001316194,α Eマウント系,単焦点,AF/MF,単焦点レンズ,TRUE,　,9群12枚,9 枚,65 mm,0.55m,01:06.8,F2,36.8 度,　,TRUE,TRUE,　,　,　,　,　,　,　, ,　,　,62 mm,72x76.7 mm,405 g, ,,,,,,,,,,,,,,,
SONY,FE C 16-35mm T3.1 G SELC1635G,K0001376492,α Eマウント系,広角ズーム,AF/MF,大口径広角ズームレンズ,TRUE,　,13群16枚,11 枚,16〜35 mm,0.28m,0.19倍,F2.8,83〜44 度,　,　,　,TRUE,　,　,　,　,　,　, ,TRUE,　,　,118.5x147 mm,1390 g, ,,,,,,,,,,,,,,,
SAMYANG,AF 35mm F1.8 FE,K0001310521,α Eマウント系,単焦点,AF,AFレンズ,TRUE,　,8群10枚,9 枚,35 mm,0.29m,0.17倍,F1.8,63.1 度,　,TRUE,TRUE,　,　,　,　,　,　,　, ,　,　,58 mm,65x63.5 mm,235 g, ,,,,,,,,,,,,,,,
Anhui ChangGeng Optical Technology,LAOWA 11mm F4.5 FF RL [ソニーE用],K0001306307,α Eマウント系,単焦点,　,超広角レンズ,TRUE,　,10群14枚,5 枚,11 mm,0.19m,0.1倍,F4.5,126 度,　,　,　,TRUE,　,　,　,　,　,　, ,　,　,62 mm,　,　, ,,,,,,,,,,,,,,,
TAMRON,70-300mm F/4.5-6.3 Di III RXD (Model A047),K0001293791,α Eマウント系,望遠ズーム,AF/MF,望遠ズームレンズ,TRUE,　,10群15枚,7 枚,70〜300 mm,0.8m(WIDE)/1.5m(TELE),1：9.4(WIDE)/1：5.1(TELE),F4.5-6.3,34.21〜8.15 度,　,TRUE,　,　,TRUE,　,　,　,　,　, ,　,　,67 mm,77x148 mm,545 g, ,,,,,,,,,,,,,,,
シグマ,105mm F2.8 DG DN MACRO [ソニーE用],K0001294803,α Eマウント系,単焦点,AF/MF,マクロレンズ,TRUE,　,12群17枚,9 枚,105 mm,0.295m,1:01,F2.8,23.3 度,　,TRUE,TRUE,　,　,TRUE,　,　,　,　, ,　,　,62 mm,74x135.6 mm,710 g, ,,,,,,,,,,,,,,,
SAMYANG,MF 14mm F2.8 MK2 [ソニーE用],K0001286912,α Eマウント系,単焦点,MF,超広角単焦点レンズ,TRUE,　,10群14枚,9 枚,14 mm,0.28m,0.08倍,F2.8,115.7 度,　,TRUE,TRUE,TRUE,　,　,　,　,　,　, ,　,　,　,　,　, ,,,,,,,,,,,,,,,
SAMYANG,MF 85mm F1.4 MK2 [ソニーE用],K0001286918,α Eマウント系,単焦点,MF,大口径中望遠レンズ,TRUE,　,　,9 枚,85 mm,1.1m,0.09倍,F1.4,28.3 度,　,TRUE,TRUE,　,　,　,　,　,　,　, ,TRUE,　,72 mm,　,　, ,,,,,,,,,,,,,,,
シグマ,85mm F1.4 DG DN [ソニーE用],K0001279107,α Eマウント系,単焦点,AF/MF,大口径中望遠レンズ,TRUE,　,11群15枚,11 枚,85 mm,0.85m,01:08.4,F1.4,28.6 度,　,TRUE,TRUE,　,　,　,　,　,　,　, ,TRUE,　,77 mm,82.8x96.1 mm,625 g, ,,,,,,,,,,,,,,,
Anhui ChangGeng Optical Technology,LAOWA 9mm F5.6 W-Dreamer [ソニーE用],K0001277806,α Eマウント系,単焦点,MF,超広角レンズ,TRUE,　,10群14枚,5 枚,9 mm,0.12m,0.21倍,F5.6,135 度,　,　,　,TRUE,　,　,　,　,　,　, ,　,　,　,　,　, ,,,,,,,,,,,,,,,
SONY,FE 12-24mm F2.8 GM SEL1224GM,K0001271500,α Eマウント系,広角ズーム,AF/MF,大口径超広角ズームレンズ,TRUE,　,14群17枚,9 枚,12〜24 mm,0.28m,0.14倍,F2.8,122〜84 度,　,TRUE,TRUE,TRUE,　,　,　,　,　,　, ,TRUE,　,　,97.6x137 mm,847 g, ,,,,,,,,,,,,,,,
コシナ,フォクトレンダー NOKTON 50mm F1.2 Aspherical SE,K0001252043,α Eマウント系,単焦点,MF,単焦点レンズ,TRUE,　,6群8枚,12 枚,50 mm,0.45m,1:07,F1.2,47.5 度,　,　,　,　,　,　,　,　,　,　, ,TRUE,　,58 mm,66.5x58.5 mm,383 g, ,,,,,,,,,,,,,,,
Lensbaby,Velvet 28 [ソニーE用],K0001272773,α Eマウント系,単焦点,MF,ソフトフォーカスレンズ,TRUE,　,7群8枚,12 枚,28 mm,0.058m,0.5倍,F2.5,　,　,　,　,　,　,　,　,　,　,　, ,　,　,67 mm,72.4x88.9 mm,594 g, ,,,,,,,,,,,,,,,
シグマ,100-400mm F5-6.3 DG DN OS [ソニーE用],K0001266474,α Eマウント系,望遠ズーム,AF/MF,超望遠ズームレンズ,TRUE,　,16群22枚,9 枚,100〜400 mm,W：112cm/T：160cm,01:04.1,F5-6.3,24.4〜6.2 度,TRUE,TRUE,TRUE,　,TRUE,　,　,　,　,　, ,　,　,67 mm,86x199.2 mm,1140 g, ,,,,,,,,,,,,,,,
七工匠,7Artisans 35mm F1.4 3514EB [ソニーE用],K0001270706,α Eマウント系,単焦点,MF,単焦点レンズ,TRUE,　,9群10枚,11 枚,35 mm,0.4m,　,F1.4,63 度,　,　,　,　,　,　,　,　,　,　, ,TRUE,　,46 mm,56x55 mm,　, ,,,,,,,,,,,,,,,
TAMRON,28-200mm F/2.8-5.6 Di III RXD (Model A071),K0001264399,α Eマウント系,標準ズーム,AF/MF,高倍率ズームレンズ,TRUE,　,14群18枚,7 枚,28〜200 mm,0.19m(WIDE)/0.8m(TELE),1：3.1(WIDE)/1：3.8(TELE),F2.8-5.6,75.23〜12.21 度,　,TRUE,　,　,　,　,TRUE,　,　,　, ,　,　,67 mm,74x117 mm,575 g, ,,,,,,,,,,,,,,,
SAMYANG,AF 75mm F1.8 FE,K0001259495,α Eマウント系,単焦点,AF/MF,ポートレートレンズ,TRUE,　,9群10枚,9 枚,75 mm,0.69m,0.13倍,F1.8,32.9 度,　,　,　,　,　,　,　,　,　,　, ,　,　,58 mm,65x69 mm,230 g, ,,,,,,,,,,,,,,,
コシナ,フォクトレンダー NOKTON 35mm F1.2 Aspherical SE,K0001252045,α Eマウント系,単焦点,MF,単焦点レンズ,TRUE,　,7群9枚,12 枚,35 mm,0.3m,01:05.8,F1.2,61.9 度,　,　,　,　,　,　,　,　,　,　, ,TRUE,　,58 mm,66.5x59.9 mm,387 g, ,,,,,,,,,,,,,,,
TAMRON,70-180mm F/2.8 Di III VXD (Model A056),K0001248453,α Eマウント系,望遠ズーム,AF/MF,大口径望遠ズームレンズ,TRUE,　,14群19枚,9 枚,70〜180 mm,AF：0.85m(ズーム全域)MF：0.27m(WIDE)/0.85m(TELE),AF：1：4.6MF：1：2(WIDE)/1：4.6(TELE),F2.8,34.21〜13.42 度,　,TRUE,　,　,TRUE,　,　,　,　,　, ,TRUE,　,67 mm,81x149 mm,810 g, ,,,,,,,,,,,,,,,
Anhui ChangGeng Optical Technology,LAOWA 4mm F2.8 Fisheye [ソニーE用],K0001331127,α Eマウント系,単焦点,MF,魚眼レンズ,　,　,6群7枚,7 枚,4 mm,0.08m,0.11倍,F2.8,210 度,　,　,　,　,　,　,　,TRUE,　,　, ,　,　,　,45.2x25.5 mm,135 g, ,,,,,,,,,,,,,,,
Anhui ChangGeng Optical Technology,LAOWA 65mm F2.8 2X Ultra Macro APO [ソニーE用],K0001346359,α Eマウント系,単焦点,MF,マクロレンズ,　,TRUE,10群14枚,9 枚,65 mm,0.17m,2倍,F2.8,24.4 度,　,　,　,　,　,TRUE,　,　,　,　, ,　,　,52 mm,　,　, ,,,,,,,,,,,,,,,
SIRUI,50mm F1.8 1.33X アナモルフィックレンズ SR-MEK7E [ソニーE用],K0001241466,α Eマウント系,単焦点,MF,アナモルフィックレンズ,　,TRUE,8群11枚,10 枚,50 mm,0.85m,1：15.38(V)、1：20.17(H),F1.8,　,　,　,　,　,　,　,　,　,　,　, ,　,　,67 mm,　,　, ,,,,,,,,,,,,,,,
七工匠,7artisans 35mm F1.2 3512ES シルバー [ソニーE用],K0001254893,α Eマウント系,単焦点,MF,単焦点レンズ,　,TRUE,5群6枚,9 枚,35 mm,0.35m,　,F1.2,46 度,　,　,　,　,　,　,　,　,　,　, ,　,　,43 mm,　,150 g, ,,,,,,,,,,,,,,,
銘匠光学,TTArtisan 11mm f/2.8 Fisheye [ソニーE用],K0001251794,α Eマウント系,単焦点,MF,魚眼レンズ,TRUE,　,7群11枚,7 枚,11 mm,0.17m,　,F2.8,180 度,　,　,　,　,　,　,　,TRUE,　,　, ,　,　,　,　,　, ,,,,,,,,,,,,,,,
中一光学,APO 85mm F2.8 SUPER MACRO 1-5X [ソニーE用],K0001242480,α Eマウント系,単焦点,MF,マクロレンズ,TRUE,　,8群12枚,9 枚,85 mm,1X：0.272m、5X：0.1m,5倍,F2.8,　,　,　,　,　,　,TRUE,　,　,　,　, ,　,　,58 mm,67x155 mm,830 g, ,,,,,,,,,,,,,,,
SONY,FE 20mm F1.8 G SEL20F18G,K0001237298,α Eマウント系,単焦点,AF/MF,大口径広角単焦点レンズ,TRUE,　,12群14枚,9 枚,20 mm,0.19m(AF時)/0.18m(MF時),0.2倍(AF時)/0.22倍(MF時),F1.8,94 度,　,TRUE,TRUE,TRUE,　,　,　,　,　,　, ,TRUE,　,67 mm,73.5x84.7 mm,373 g, ,,,,,,,,,,,,,,,
TOKINA,atx-m 85mm F1.8 FE,K0001225184,α Eマウント系,単焦点,AF,中望遠レンズ,TRUE,　,7群10枚,9 枚,85 mm,0.8m,　,F1.8,28.5 度,　,　,　,　,　,　,　,　,　,　, ,　,　,72 mm,80x93 mm,645 g, ,,,,,,,,,,,,,,,
TAMRON,20mm F/2.8 Di III OSD M1：2 (Model F050),K0001204472,α Eマウント系,単焦点,AF/MF,超広角レンズ,TRUE,　,9群10枚,7 枚,20 mm,0.11m,1:02,F2.8,94.3 度,　,TRUE,　,TRUE,　,　,　,　,　,　, ,　,　,67 mm,73x64 mm,220 g, ,,,,,,,,,,,,,,,
Machang Optical,KAMLAN 15mm F2 [ソニーE用],K0001221274,α Eマウント系,単焦点,MF,広角レンズ,　,TRUE,9群11枚,　,15 mm,0.3m,　,F2,90 度,　,　,　,TRUE,　,　,　,　,　,　, ,　,　,62 mm,63x56 mm,254.4 g, ,,,,,,,,,,,,,,,
シグマ,24-70mm F2.8 DG DN [ソニーE用],K0001214290,α Eマウント系,標準ズーム,AF/MF,大口径標準ズームレンズ,TRUE,　,15群19枚,11 枚,24〜70 mm,18〜38cm,Wide：1：2.9/Tele：1：4.5,F2.8,84.1〜34.3 度,　,TRUE,TRUE,　,　,　,　,　,　,　, ,TRUE,　,82 mm,87.8x124.9 mm,830 g, ,,,,,,,,,,,,,,,
コシナ,フォクトレンダー APO-LANTHAR 50mm F2 Aspherical,K0001203812,α Eマウント系,単焦点,MF,標準レンズ,TRUE,　,8群10枚,12 枚,50 mm,0.45m,01:06.5,F2,46.5 度,　,　,　,　,　,　,　,　,　,　, ,　,　,49 mm,62.6x61.3 mm,364 g, ,,,,,,,,,,,,,,,
TAMRON,35mm F/2.8 Di III OSD M1：2 (Model F053),K0001204474,α Eマウント系,単焦点,AF/MF,広角レンズ,TRUE,　,8群9枚,7 枚,35 mm,0.15m,1:02,F2.8,63.26 度,　,TRUE,　,TRUE,　,　,　,　,　,　, ,　,　,67 mm,73x64 mm,210 g, ,,,,,,,,,,,,,,,
TAMRON,24mm F/2.8 Di III OSD M1：2 (Model F051),K0001204473,α Eマウント系,単焦点,AF/MF,広角レンズ,TRUE,　,9群10枚,7 枚,24 mm,0.12m,1:02,F2.8,84.04 度,　,TRUE,　,TRUE,　,　,　,　,　,　, ,　,　,67 mm,73x64 mm,215 g, ,,,,,,,,,,,,,,,
SAMYANG,AF 18mm F2.8 FE,K0001203673,α Eマウント系,単焦点,AF,超広角単焦点レンズ,TRUE,　,8群9枚,7 枚,18 mm,0.25m,0.09倍,F2.8,100.1 度,　,　,　,TRUE,　,　,　,　,　,　, ,　,　,58 mm,63.5x60.5 mm,145 g, ,,,,,,,,,,,,,,,
SONY,E 70-350mm F4.5-6.3 G OSS SEL70350G,K0001185650,α Eマウント系,望遠ズーム,AF/MF,超望遠ズームレンズ,　,TRUE,13群19枚,7 枚,70〜350 mm,1.1m〜1.5m,0.23倍,F4.5-6.3,22〜4.4 度,TRUE,TRUE,TRUE,　,TRUE,　,　,　,　,　, ,　,　,67 mm,77x142 mm,625 g, ,,,,,,,,,,,,,,,
SONY,E 16-55mm F2.8 G SEL1655G,K0001185649,α Eマウント系,標準ズーム,AF/MF,大口径標準ズームレンズ,　,TRUE,12群17枚,9 枚,16〜55 mm,0.33m,0.2倍,F2.8,83〜29 度,　,TRUE,TRUE,　,　,　,　,　,　,　, ,TRUE,　,67 mm,73x100 mm,494 g, ,,,,,,,,,,,,,,,
SONY,FE 35mm F1.8 SEL35F18F,K0001173506,α Eマウント系,単焦点,AF/MF,大口径広角単焦点レンズ,TRUE,　,9群11枚,9 枚,35 mm,0.22m,0.24倍,F1.8,63 度,　,TRUE,TRUE,TRUE,　,　,　,　,　,　, ,TRUE,　,55 mm,65.6x73 mm,280 g, ,,,,,,,,,,,,,,,
シグマ,14-24mm F2.8 DG DN [ソニーE用],K0001173990,α Eマウント系,広角ズーム,AF/MF,大口径超広角ズームレンズ,TRUE,　,13群18枚,11 枚,14〜24 mm,0.28m,01:07.3,F2.8,114.2〜84.1 度,　,TRUE,TRUE,TRUE,　,　,　,　,　,　, ,TRUE,　,　,85x133 mm,795 g, ,,,,,,,,,,,,,,,
七工匠,7Artisans 60mm F2.8 Macro [ソニーE用],K0001133731,α Eマウント系,単焦点,MF,マクロレンズ,　,TRUE,7群8枚,10 枚,60 mm,0.26m,1:01,F2.8,　,　,　,　,　,　,TRUE,　,　,　,　, ,　,　,37 mm,65x100 mm,530 g, ,,,,,,,,,,,,,,,
Anhui ChangGeng Optical Technology,LAOWA 100mm F2.8 2X Ultra Macro APO [ソニーE用],K0001177637,α Eマウント系,単焦点,MF,マクロレンズ,TRUE,　,10群12枚,13 枚,100 mm,0.247m,2倍,F2.8,24.4 度,　,　,　,　,　,TRUE,　,　,　,　, ,　,　,67 mm,72x155 mm,　, ,,,,,,,,,,,,,,,
シグマ,45mm F2.8 DG DN [ソニーE用],K0001173994,α Eマウント系,単焦点,AF/MF,標準レンズ,TRUE,　,7群8枚,7 枚,45 mm,0.24m,1:04,F2.8,51.3 度,　,TRUE,TRUE,　,　,　,　,　,　,　, ,　,　,55 mm,64x48.2 mm,235 g, ,,,,,,,,,,,,,,,
シグマ,35mm F1.2 DG DN [ソニーE用],K0001173992,α Eマウント系,単焦点,AF/MF,大口径単焦点レンズ,TRUE,　,12群17枚,11 枚,35 mm,0.3m,01:05.1,F1.2,63.4 度,　,TRUE,TRUE,　,　,　,　,　,　,　, ,TRUE,　,82 mm,87.8x138.2 mm,1080 g, ,,,,,,,,,,,,,,,
SONY,FE 200-600mm F5.6-6.3 G OSS SEL200600G,K0001165261,α Eマウント系,望遠ズーム,AF/MF,超望遠ズームレンズ,TRUE,　,17群24枚,11 枚,200〜600 mm,2.4m,0.2倍,F5.6-6.3,12.3〜4.1 度,TRUE,TRUE,TRUE,　,TRUE,　,　,　,　,　, ,　,　,95 mm,111.5x318 mm,2115 g, ,,,,,,,,,,,,,,,
TAMRON,17-28mm F/2.8 Di III RXD (Model A046),K0001170376,α Eマウント系,広角ズーム,AF/MF,大口径超広角ズームレンズ,TRUE,　,11群13枚,9 枚,17〜28 mm,0.19m,01:05.2,F2.8,103.41〜75.23 度,　,TRUE,　,TRUE,　,　,　,　,　,　, ,TRUE,　,67 mm,73x99 mm,420 g, ,,,,,,,,,,,,,,,
Machang Optical,KAMLAN 50mm F1.1 II [ソニーE用],K0001175305,α Eマウント系,単焦点,MF,　,　,TRUE,6群8枚,11 枚,50 mm,0.4m,　,F1.1,32 度,　,　,　,　,　,　,　,　,　,　, ,　,　,62 mm,　,563 g, ,,,,,,,,,,,,,,,
VILTROX,PFU RBMH 20mm F1.8 ASPH VM2018E,K0001169141,α Eマウント系,単焦点,MF,大口径広角単焦点レンズ,TRUE,　,9群12枚,14 枚,20 mm,0.25m,　,F1.8,　,　,　,　,TRUE,　,　,　,　,　,　, ,TRUE,　,　,76.8x102 mm,775 g, ,,,,,,,,,,,,,,,
コシナ,フォクトレンダー NOKTON 21mm F1.4 Aspherical,K0001157592,α Eマウント系,単焦点,MF,超広角レンズ,TRUE,　,11群13枚,12 枚,21 mm,0.25m,01:07.5,F1.4,90.8 度,　,　,　,TRUE,　,　,　,　,　,　, ,TRUE,　,62 mm,70.5x79.5 mm,560 g, ,,,,,,,,,,,,,,,
SAMYANG,AF 45mm F1.8 FE,K0001166804,α Eマウント系,単焦点,AF,標準レンズ,TRUE,　,6群7枚,9 枚,45 mm,0.45m,0.12倍,F1.8,52.31 度,　,　,　,　,　,　,　,　,　,　, ,　,　,49 mm,61.8x56.1 mm,162 g, ,,,,,,,,,,,,,,,
Machang Optical,KAMLAN 21mm F1.8 [ソニーE用],K0001166939,α Eマウント系,単焦点,MF,　,　,TRUE,8群10枚,　,21 mm,0.12m,　,F1.8,68 度,　,　,　,　,　,　,　,　,　,　, ,　,　,　,　,262 g, ,,,,,,,,,,,,,,,
七工匠,7Artisans 55mm F1.4 5514ES [ソニーE用],K0001163597,α Eマウント系,単焦点,MF,中望遠レンズ,　,TRUE,5群6枚,14 枚,55 mm,0.35m,　,F1.4,　,　,　,　,　,　,　,　,　,　,　, ,　,　,49 mm,57x60 mm,280 g, ,,,,,,,,,,,,,,,
Lensbaby,コンポーザープロII エッジ35 [ソニーE用],K0001157905,α Eマウント系,単焦点,MF,ティルトレンズ,TRUE,　,6群9枚,8 枚,35 mm,0.18m,1:05,F3.5,　,　,　,　,　,　,　,　,　,TRUE,　, ,　,　,　,63.5x112.8 mm,439.4 g, ,,,,,,,,,,,,,,,
SAMYANG,AF 85mm F1.4 FE,K0001157371,α Eマウント系,単焦点,AF,大口径中望遠レンズ,TRUE,　,8群11枚,9 枚,85 mm,0.9m,0.11倍,F1.4,28.9 度,　,　,　,　,　,　,　,　,　,　, ,TRUE,　,77 mm,88x99.5 mm,568 g, ,,,,,,,,,,,,,,,
七工匠,7Artisans 50mm F1.8 5018EB [ソニーE用],K0001156583,α Eマウント系,単焦点,MF,中望遠レンズ,　,TRUE,5群6枚,12 枚,50 mm,0.5m,　,F1.8,　,　,　,　,　,　,　,　,　,　,　, ,　,　,52 mm,60x41 mm,170 g, ,,,,,,,,,,,,,,,
中一光学,SPEEDMASTER 50mm F0.95 III [ソニーE用],K0001157907,α Eマウント系,単焦点,MF,超大口径標準レンズ,TRUE,　,7群10枚,11 枚,50 mm,0.5m,　,F0.95,　,　,　,　,　,　,　,　,　,　,　, ,TRUE,　,67 mm,73x88 mm,770 g, ,,,,,,,,,,,,,,,
TOKINA,FiRIN 100mm F2.8 FE MACRO,K0001152273,α Eマウント系,単焦点,AF/MF,中望遠マクロレンズ,TRUE,　,8群9枚,9 枚,100 mm,0.3m,1:01,F2.8,24.5 度,　,　,　,　,　,TRUE,　,　,　,　, ,　,　,55 mm,74x123 mm,570 g, ,,,,,,,,,,,,,,,
Machang Optical,KAMLAN 8mm F3.0 [ソニーE用],K0001151882,α Eマウント系,単焦点,MF,対角魚眼レンズ,　,TRUE,9群11枚,　,8 mm,0.1m,　,F3,180 度,　,　,　,　,　,　,　,TRUE,　,　, ,　,　,　,　,240 g, ,,,,,,,,,,,,,,,
シグマ,28mm F1.4 DG HSM [ソニーE用],K0001146455,α Eマウント系,単焦点,AF/MF,大口径広角レンズ,TRUE,　,12群17枚,9 枚,28 mm,0.28m,01:05.4,F1.4,75.4 度,　,TRUE,TRUE,TRUE,　,　,　,　,　,　, ,TRUE,　,77 mm,82.8x107.7 mm,　, ,,,,,,,,,,,,,,,
コシナ,フォクトレンダー NOKTON 50mm F1.2 Aspherical [ソニーE用],K0001134626,α Eマウント系,単焦点,MF,大口径レンズ,TRUE,　,6群8枚,12 枚,50 mm,0.45m,1:07,F1.2,47.5 度,　,　,　,　,　,　,　,　,　,　, ,TRUE,　,58 mm,70.1x58.8 mm,434 g, ,,,,,,,,,,,,,,,
SONY,FE 135mm F1.8 GM SEL135F18GM,K0001134056,α Eマウント系,単焦点,AF/MF,大口径望遠単焦点レンズ,TRUE,　,10群13枚,11 枚,135 mm,0.7m,0.25倍,F1.8,18 度,　,TRUE,TRUE,　,TRUE,　,　,　,　,　, ,TRUE,　,82 mm,89.5x127 mm,950 g, ,,,,,,,,,,,,,,,
シグマ,40mm F1.4 DG HSM [ソニーE用],K0001130356,α Eマウント系,単焦点,AF/MF,大口径標準レンズ,TRUE,　,12群16枚,9 枚,40 mm,0.4m,01:06.5,F1.4,56.8 度,　,TRUE,TRUE,　,　,　,　,　,　,　, ,TRUE,　,82 mm,87.8x157 mm,1270 g, ,,,,,,,,,,,,,,,
Anhui ChangGeng Optical Technology,LAOWA 24mm F14 2X MACRO PROBE [ソニーE用],K0001130174,α Eマウント系,単焦点,MF,マクロプローブレンズ,TRUE,　,19群27枚,7 枚,24 mm,0.47m,2倍,F14,85 度,　,TRUE,　,　,　,TRUE,　,　,　,　, ,　,　,　,　,　, ,,,,,,,,,,,,,,,
Machang Optical,KAMLAN FS 28mm F1.4 [ソニーE用],K0001124940,α Eマウント系,単焦点,MF,　,　,TRUE,7群8枚,　,28 mm,0.25m,　,F1.4,56 度,　,　,　,　,　,　,　,　,　,　, ,　,　,52 mm,　,348 g, ,,,,,,,,,,,,,,,
Machang Optical,KAMLAN FS 50mm F1.1 [ソニーE用],K0001124936,α Eマウント系,単焦点,MF,　,　,TRUE,5群5枚,　,50 mm,0.5m,　,F1.1,31 度,　,　,　,　,　,　,　,　,　,　, ,　,　,52 mm,　,248 g, ,,,,,,,,,,,,,,,
Anhui ChangGeng Optical Technology,LAOWA 10-18mm F4.5-5.6 FE Zoom,K0001115141,α Eマウント系,広角ズーム,MF,超広角ワイドズームレンズ,TRUE,　,10群14枚,5 枚,10〜18 mm,0.15m,0.25倍,F4.5-5.6,102〜130 度,　,　,　,TRUE,　,　,　,　,　,　, ,　,　,37 mm,70x90.9 mm,496 g, ,,,,,,,,,,,,,,,
コシナ,フォクトレンダー MACRO APO-LANTHAR 110mm F2.5,K0001064923,α Eマウント系,単焦点,MF,等倍マクロレンズ,TRUE,　,12群14枚,10 枚,110 mm,0.35m,1:01,F2.5,22.6 度,　,　,　,　,　,TRUE,　,　,　,　, ,　,　,58 mm,78.4x99.7 mm,771 g, ,,,,,,,,,,,,,,,
シグマ,56mm F1.4 DC DN [ソニーE用],K0001103130,α Eマウント系,単焦点,AF/MF,大口径中望遠レンズ,　,TRUE,6群10枚,9 枚,56 mm,0.5m,01:07.4,F1.4,28.5 度,　,TRUE,TRUE,　,　,　,　,　,　,　, ,TRUE,　,55 mm,66.5x59.5 mm,280 g, ,,,,,,,,,,,,,,,
カールツァイス,Batis 2/40 CF,K0001106985,α Eマウント系,単焦点,AF/MF,標準レンズ,TRUE,　,8群9枚,　,40 mm,0.24m,01:03.3,F2,　,　,TRUE,TRUE,　,　,　,　,　,　,　, ,　,　,67 mm,91x93 mm,361 g, ,,,,,,,,,,,,,,,
コシナ,フォクトレンダー COLOR-SKOPAR 21mm F3.5 Aspherical,K0001091965,α Eマウント系,単焦点,MF,超広角レンズ,TRUE,　,8群9枚,10 枚,21 mm,0.2m,01:06.5,F3.5,91.2 度,　,　,　,TRUE,　,　,　,　,　,　, ,　,　,52 mm,62.8x39.9 mm,230 g, ,,,,,,,,,,,,,,,
SAMYANG,85mm F1.8 ED UMC CS [ソニーE用],K0001099720,α Eマウント系,単焦点,MF,中望遠レンズ,　,TRUE,7群9枚,9 枚,85 mm,0.65m,0.17倍,F1.8,19.1 度,　,　,　,　,　,　,　,　,　,　, ,　,　,62 mm,67.5x80.7 mm,344 g, ,,,,,,,,,,,,,,,
SONY,FE 24mm F1.4 GM SEL24F14GM,K0001092382,α Eマウント系,単焦点,AF/MF,大口径広角単焦点レンズ,TRUE,　,10群13枚,11 枚,24 mm,0.24m,0.17倍,F1.4,84 度,　,TRUE,TRUE,TRUE,　,　,　,　,　,　, ,TRUE,　,67 mm,75.4x92.4 mm,445 g, ,,,,,,,,,,,,,,,
七工匠,7artisans 35mm F1.2 3512EB [ソニーE用],K0001096792,α Eマウント系,単焦点,MF,単焦点レンズ,　,TRUE,5群6枚,9 枚,35 mm,0.35m,　,F1.2,46 度,　,　,　,　,　,　,　,　,　,　, ,　,　,43 mm,　,150 g, ,,,,,,,,,,,,,,,
Lensbaby,SOL 45 [ソニーE用],K0001083654,α Eマウント系,単焦点,MF,　,TRUE,　,2群3枚,　,45 mm,0.34m,0.16倍,F3.5,　,　,　,　,　,　,　,　,　,TRUE,　, ,　,　,46 mm,73x64 mm,272 g, ,,,,,,,,,,,,,,,
シグマ,105mm F1.4 DG HSM [ソニーE用],K0001079422,α Eマウント系,単焦点,AF/MF,大口径中望遠レンズ,TRUE,　,12群17枚,9 枚,105 mm,1m,01:08.3,F1.4,23.3 度,　,TRUE,TRUE,　,　,　,　,　,　,　, ,TRUE,　,105 mm,115.9x157.5 mm,1720 g, ,,,,,,,,,,,,,,,
シグマ,135mm F1.8 DG HSM [ソニーE用],K0001069679,α Eマウント系,単焦点,AF/MF,大口径望遠レンズ,TRUE,　,10群13枚,9 枚,135 mm,0.875m,1:05,F1.8,18.2 度,　,TRUE,TRUE,　,TRUE,　,　,　,　,　, ,TRUE,　,82 mm,91.4x140.9 mm,1230 g, ,,,,,,,,,,,,,,,
シグマ,14mm F1.8 DG HSM [ソニーE用],K0001069678,α Eマウント系,単焦点,AF/MF,超広角レンズ,TRUE,　,11群16枚,9 枚,14 mm,0.27m,01:09.8,F1.8,114.2 度,　,TRUE,TRUE,TRUE,　,　,　,　,　,　, ,TRUE,　,　,95.4x152 mm,1230 g, ,,,,,,,,,,,,,,,
SAMYANG,AF24mm F2.8 FE,K0001071986,α Eマウント系,単焦点,AF/MF,広角レンズ,TRUE,　,7群7枚,7 枚,24 mm,0.24m,0.13倍,F2.8,82.1 度,　,　,　,TRUE,　,　,　,　,　,　, ,　,　,49 mm,61.8x37 mm,93 g, ,,,,,,,,,,,,,,,
シグマ,70mm F2.8 DG MACRO [ソニーE用],K0001065920,α Eマウント系,単焦点,AF/MF,マクロレンズ,TRUE,　,10群13枚,9 枚,70 mm,0.258m,1:01,F2.8,34.3 度,　,TRUE,TRUE,　,　,TRUE,　,　,　,　, ,　,　,49 mm,70.8x131.8 mm,570 g, ,,,,,,,,,,,,,,,
七工匠,7artisans 25mm F1.8 25EB ブラック [ソニーE用],K0001074234,α Eマウント系,単焦点,MF,単焦点レンズ,　,TRUE,5群7枚,12 枚,25 mm,0.18m,　,F1.8,　,　,　,　,　,　,　,　,　,　,　, ,　,　,46 mm,　,　, ,,,,,,,,,,,,,,,
七工匠,7artisans 25mm F1.8 25ES シルバー [ソニーE用],K0001074235,α Eマウント系,単焦点,MF,単焦点レンズ,　,TRUE,5群7枚,12 枚,25 mm,0.18m,　,F1.8,　,　,　,　,　,　,　,　,　,　,　, ,　,　,46 mm,　,　, ,,,,,,,,,,,,,,,
シグマ,20mm F1.4 DG HSM [ソニーE用],K0001063989,α Eマウント系,単焦点,AF/MF,大口径超広角レンズ,TRUE,　,11群15枚,9 枚,20 mm,0.276m,01:07.1,F1.4,94.5 度,　,TRUE,TRUE,TRUE,　,　,　,　,　,　, ,TRUE,　,　,　,　, ,,,,,,,,,,,,,,,
シグマ,24mm F1.4 DG HSM [ソニーE用],K0001056715,α Eマウント系,単焦点,AF/MF,大口径広角レンズ,TRUE,　,11群15枚,9 枚,24 mm,0.25m,01:05.3,F1.4,84.1 度,　,TRUE,TRUE,TRUE,　,　,　,　,　,　, ,TRUE,　,77 mm,85x116.2 mm,760 g, ,,,,,,,,,,,,,,,
シグマ,35mm F1.4 DG HSM [ソニーE用],K0001056716,α Eマウント系,単焦点,AF/MF,大口径広角レンズ,TRUE,　,11群13枚,9 枚,35 mm,0.3m,01:05.2,F1.4,63.4 度,　,TRUE,TRUE,TRUE,　,　,　,　,　,　, ,TRUE,　,67 mm,77x120 mm,755 g, ,,,,,,,,,,,,,,,
Anhui ChangGeng Optical Technology,LAOWA 25mm F2.8 2.5-5X ULTRA MACRO [ソニーE用],K0001036358,α Eマウント系,単焦点,MF,マクロレンズ,TRUE,　,6群8枚,8 枚,25 mm,0.173m,5倍,F2.8,10.3 度,　,　,　,　,　,TRUE,　,　,　,　, ,　,　,　,　,　, ,,,,,,,,,,,,,,,
シグマ,50mm F1.4 DG HSM [ソニーE用],K0001052384,α Eマウント系,単焦点,AF/MF,大口径標準レンズ,TRUE,　,8群13枚,9 枚,50 mm,0.4m,01:05.6,F1.4,46.8 度,　,TRUE,TRUE,　,　,　,　,　,　,　, ,TRUE,　,77 mm,85.4x125.9 mm,910 g, ,,,,,,,,,,,,,,,
シグマ,85mm F1.4 DG HSM [ソニーE用],K0001052385,α Eマウント系,単焦点,AF/MF,大口径レンズ,TRUE,　,12群14枚,9 枚,85 mm,0.85m,01:08.5,F1.4,28.6 度,　,TRUE,TRUE,　,　,　,　,　,　,　, ,TRUE,　,86 mm,94.7x152.2 mm,1245 g, ,,,,,,,,,,,,,,,
TAMRON,28-75mm F/2.8 Di III RXD (Model A036),K0001050568,α Eマウント系,標準ズーム,AF/MF,大口径標準ズームレンズ,TRUE,　,12群15枚,9 枚,28〜75 mm,0.19m,01:02.9,F2.8,75.23〜32.11 度,　,TRUE,　,　,　,　,　,　,　,　, ,TRUE,　,67 mm,73x117.8 mm,550 g, ,,,,,,,,,,,,,,,
Anhui ChangGeng Optical Technology,LAOWA 9mm F2.8 Zero-D [ソニーE用],K0001036354,α Eマウント系,単焦点,MF,広角レンズ,　,TRUE,10群15枚,7 枚,9 mm,0.12m,0.13倍,F2.8,113 度,　,　,　,TRUE,　,　,　,　,　,　, ,　,　,49 mm,　,　, ,,,,,,,,,,,,,,,
TOKINA,FiRIN 20mm F2 FE AF,K0001035694,α Eマウント系,単焦点,AF/MF,大口径広角単焦点レンズ,TRUE,　,11群13枚,9 枚,20 mm,0.28m,01:10.3,F2,92.66 度,　,　,　,TRUE,　,　,　,　,　,　, ,TRUE,　,62 mm,73.4x81.5 mm,464 g, ,,,,,,,,,,,,,,,
Lensbaby,Burnside 35 [ソニーE用],K0001035690,α Eマウント系,単焦点,MF,　,TRUE,　,4群6枚,6 枚,35 mm,0.152m,　,F2.8,　,　,　,　,　,　,　,　,　,　,　, ,　,　,62 mm,　,　, ,,,,,,,,,,,,,,,
カールツァイス,Loxia 2.4/25,K0001035110,α Eマウント系,単焦点,MF,広角レンズ,TRUE,　,8群10枚,　,25 mm,0.25m,01:06.4,F2.4,81.25 度,　,　,　,TRUE,　,　,　,　,　,　, ,　,　,52 mm,62x74.5 mm,393 g, ,,,,,,,,,,,,,,,
コシナ,フォクトレンダー NOKTON classic 35mm F1.4,K0001021077,α Eマウント系,単焦点,MF,大口径広角レンズ,TRUE,　,6群8枚,10 枚,35 mm,0.3m,01:06.3,F1.4,63 度,　,　,　,TRUE,　,　,　,　,　,　, ,TRUE,　,58 mm,67x39.6 mm,262 g, ,,,,,,,,,,,,,,,
SONY,E 18-135mm F3.5-5.6 OSS SEL18135,K0001025214,α Eマウント系,標準ズーム,AF/MF,高倍率ズームレンズ,　,TRUE,12群16枚,7 枚,18〜135 mm,0.45m,0.29倍,F3.5-5.6,76〜12 度,TRUE,　,　,　,　,　,TRUE,　,　,　, ,　,　,55 mm,67.2x88 mm,325 g, ,,,,,,,,,,,,,,,
SAMYANG,AF35mm F1.4 FE,K0001024316,α Eマウント系,単焦点,AF/MF,大口径レンズ,TRUE,　,9群11枚,9 枚,35 mm,0.3m,0.17倍,F1.4,65.5 度,　,　,　,　,　,　,　,　,　,　, ,TRUE,　,67 mm,75.9x115 mm,645 g, ,,,,,,,,,,,,,,,
SONY,FE 24-105mm F4 G OSS SEL24105G,K0001008674,α Eマウント系,標準ズーム,AF/MF,標準ズームレンズ,TRUE,　,14群17枚,9 枚,24〜105 mm,0.38m,0.31倍,F4,84〜23 度,TRUE,TRUE,TRUE,　,　,　,　,　,　,　, ,　,　,77 mm,83.4x113.3 mm,663 g, ,,,,,,,,,,,,,,,
シグマ,16mm F1.4 DC DN [ソニー用],K0001011989,α Eマウント系,単焦点,AF/MF,高性能大口径広角レンズ,　,TRUE,13群16枚,9 枚,16 mm,0.25m,01:09.9,F1.4,83.2 度,　,TRUE,TRUE,TRUE,　,　,　,　,　,　, ,TRUE,　,67 mm,72.2x92.3 mm,405 g, ,,,,,,,,,,,,,,,
コシナ,フォクトレンダー NOKTON 40mm F1.2 Aspherical,K0001000112,α Eマウント系,単焦点,MF,大口径レンズ,TRUE,　,6群8枚,10 枚,40 mm,0.35m,01:06.2,F1.2,55 度,　,　,　,　,　,　,　,　,　,　, ,TRUE,　,58 mm,70.1x59.3 mm,420 g, ,,,,,,,,,,,,,,,
Anhui ChangGeng Optical Technology,LAOWA 15mm F2 Zero-D,K0000991654,α Eマウント系,単焦点,MF,超広角レンズ,TRUE,　,9群12枚,7 枚,15 mm,0.15m,1/4倍,F2,110 度,　,　,　,TRUE,　,　,　,　,　,　, ,　,　,72 mm,　,500 g, ,,,,,,,,,,,,,,,
Lensbaby,Velvet 85 [ソニーE用],K0000980311,α Eマウント系,単焦点,MF,中望遠レンズ,TRUE,　,3群4枚,12 枚,85 mm,0.23m,1:02,F1.8,28.6 度,　,　,　,　,　,　,　,　,　,　, ,　,　,67 mm,　,　, ,,,,,,,,,,,,,,,
中一光学,CREATOR 85mm F2 ブラック [ソニーE用],K0000995542,α Eマウント系,単焦点,MF,単焦点レンズ,TRUE,　,6群6枚,10 枚,85 mm,0.85m,0.12倍,F2,　,　,　,　,　,　,　,　,　,　,　, ,　,　,55 mm,68x95 mm,500 g, ,,,,,,,,,,,,,,,
中一光学,CREATOR 85mm F2 シルバー [ソニーE用],K0000995543,α Eマウント系,単焦点,MF,単焦点レンズ,TRUE,　,6群6枚,10 枚,85 mm,0.85m,0.12倍,F2,　,　,　,　,　,　,　,　,　,　,　, ,　,　,55 mm,68x95 mm,500 g, ,,,,,,,,,,,,,,,
中一光学,CREATOR 35mm F2 ブラック [ソニーE用],K0000995540,α Eマウント系,単焦点,MF,単焦点レンズ,TRUE,　,5群7枚,9 枚,35 mm,0.25m,0.23倍,F2,　,　,　,　,　,　,　,　,　,　,　, ,　,　,55 mm,68x95 mm,470 g, ,,,,,,,,,,,,,,,
中一光学,CREATOR 35mm F2 シルバー [ソニーE用],K0000995541,α Eマウント系,単焦点,MF,単焦点レンズ,TRUE,　,5群7枚,9 枚,35 mm,0.25m,0.23倍,F2,　,　,　,　,　,　,　,　,　,　,　, ,　,　,55 mm,68x95 mm,470 g, ,,,,,,,,,,,,,,,
コシナ,フォクトレンダー MACRO APO-LANTHAR 65mm F2 Aspherical,K0000983403,α Eマウント系,単焦点,MF,大口径マクロレンズ,TRUE,　,8群10枚,10 枚,65 mm,0.31m,1:02,F2,38 度,　,　,　,　,　,TRUE,　,　,　,　, ,TRUE,　,67 mm,78x91.3 mm,625 g, ,,,,,,,,,,,,,,,
SAMYANG,AF35mm F2.8 FE,K0000978393,α Eマウント系,単焦点,AF/MF,AFレンズ,TRUE,　,6群7枚,7 枚,35 mm,0.35m,0.12倍,F2.8,63.1 度,　,　,　,　,　,　,　,　,　,　, ,　,　,49 mm,61.8x33 mm,85.6 g, ,,,,,,,,,,,,,,,
SONY,FE 16-35mm F2.8 GM SEL1635GM,K0000966593,α Eマウント系,広角ズーム,AF/MF,大口径広角ズームレンズ,TRUE,　,13群16枚,11 枚,16〜35 mm,0.28m,0.19倍,F2.8,107〜63 度,　,TRUE,TRUE,TRUE,　,　,　,　,　,　, ,TRUE,　,82 mm,88.5x121.6 mm,680 g, ,,,,,,,,,,,,,,,
SONY,FE 100-400mm F4.5-5.6 GM OSS SEL100400GM,K0000960776,α Eマウント系,望遠ズーム,AF/MF,超望遠ズームレンズ,TRUE,　,16群22枚,9 枚,100〜400 mm,0.98m,0.35倍,F4.5-5.6,24〜6.1 度,TRUE,TRUE,TRUE,　,TRUE,　,　,　,　,　, ,　,　,77 mm,93.9x205 mm,1395 g, ,,,,,,,,,,,,,,,
SONY,FE 12-24mm F4 G SEL1224G,K0000966594,α Eマウント系,広角ズーム,AF/MF,超広角ズームレンズ,TRUE,　,13群17枚,7 枚,12〜24 mm,0.28m,0.14倍,F4,122〜84 度,　,TRUE,TRUE,TRUE,　,　,　,　,　,　, ,　,　,　,87x117.4 mm,565 g, ,,,,,,,,,,,,,,,
カールツァイス,Batis 2.8/135,K0000957278,α Eマウント系,単焦点,AF/MF,中望遠レンズ,TRUE,　,11群14枚,　,135 mm,0.87m,01:05.3,F2.8,　,TRUE,　,　,　,　,　,　,　,　,　, ,TRUE,　,67 mm,98x120 mm,614 g, ,,,,,,,,,,,,,,,
SONY,FE 85mm F1.8 SEL85F18,K0000942231,α Eマウント系,単焦点,AF/MF,大口径中望遠単焦点レンズ,TRUE,　,8群9枚,9 枚,85 mm,0.8m,0.13倍,F1.8,29 度,　,TRUE,TRUE,　,　,　,　,　,　,　, ,TRUE,　,67 mm,78x82 mm,371 g, ,,,,,,,,,,,,,,,
SONY,FE 100mm F2.8 STF GM OSS SEL100F28GM,K0000942230,α Eマウント系,単焦点,AF/MF,中望遠単焦点レンズ,TRUE,　,10群13枚,11 枚,100 mm,0.57m,0.25倍,F2.8,24 度,TRUE,TRUE,TRUE,　,　,　,　,　,　,　, ,　,　,72 mm,85.2x118.1 mm,700 g, ,,,,,,,,,,,,,,,
SONY,E PZ 18-110mm F4 G OSS SELP18110G,K0000942232,α Eマウント系,標準ズーム,AF/MF,電動標準ズームレンズ,　,TRUE,15群18枚,7 枚,18〜110 mm,0.4m,0.122倍,F4,76〜14.3 度,TRUE,　,　,　,　,　,　,　,　,　, ,　,　,95 mm,110x167.5 mm,1105 g, ,,,,,,,,,,,,,,,
Anhui ChangGeng Optical Technology,LAOWA 12mm F2.8 Zero-D [ソニーE用],K0000942681,α Eマウント系,単焦点,MF,超広角レンズ,TRUE,　,10群16枚,7 枚,12 mm,0.18m,0.2倍,F2.8,　,　,　,　,TRUE,　,　,　,　,　,　, ,　,　,　,　,　, ,,,,,,,,,,,,,,,
TOKINA,FiRIN 20mm F2 FE MF,K0000928245,α Eマウント系,単焦点,MF,大口径広角単焦点レンズ,TRUE,　,11群13枚,9 枚,20 mm,0.28m,01:10.3,F2,92.66 度,　,　,　,TRUE,　,　,　,　,　,　, ,TRUE,　,62 mm,69x81.5 mm,490 g, ,,,,,,,,,,,,,,,
SAMYANG,35mm F1.2 ED AS UMC CS [ソニー用],K0000934921,α Eマウント系,単焦点,MF,標準画角レンズ,　,　,7群9枚,9 枚,35 mm,0.38m,　,F1.2,　,　,　,　,　,　,　,　,　,　,　, ,TRUE,　,62 mm,67.5x74.2 mm,420 g, ,,,,,,,,,,,,,,,
SAMYANG,20mm F1.8 ED AS UMC [ソニーE用],K0000934917,α Eマウント系,単焦点,MF,超広角レンズ,TRUE,　,12群13枚,7 枚,20 mm,0.2m,　,F1.8,94.8 度,　,　,　,TRUE,　,　,　,　,　,　, ,TRUE,　,77 mm,83x114.4 mm,525 g, ,,,,,,,,,,,,,,,
SAMYANG,AF14mm F2.8 FE,K0000934909,α Eマウント系,単焦点,AF/MF,超広角オートフォーカスレンズ,TRUE,　,10群14枚,7 枚,14 mm,0.2m,0.12倍,F2.8,113.9 度,　,　,　,TRUE,　,　,　,　,　,　, ,　,　,　,85.5x97.5 mm,505 g, ,,,,,,,,,,,,,,,
Lensbaby,Trio 28 [ソニーE用],K0000926638,α Eマウント系,単焦点,MF,マニュアルレンズ,TRUE,　,　,　,28 mm,0.2m,　,F3.5,　,　,　,　,　,　,　,　,　,　,　, ,　,　,46 mm,69.9x50.8 mm,138.9 g, ,,,,,,,,,,,,,,,
カールツァイス,Loxia 2.4/85,K0000925475,α Eマウント系,単焦点,MF,望遠レンズ,TRUE,　,7群7枚,　,85 mm,0.8m,01:07.2,F2.4,　,　,　,　,　,TRUE,　,　,　,　,　, ,　,　,52 mm,62.5x94.8 mm,594 g, ,,,,,,,,,,,,,,,
Lensbaby,コンポーザープロII スウィート50 [ソニーE用],K0000921726,α Eマウント系,単焦点,MF,ティルトレンズ,TRUE,　,1群2枚,12 枚,50 mm,0.38m,　,F2.5,　,　,　,　,　,　,　,　,　,TRUE,　, ,　,　,46 mm,63.5x50.8 mm,184 g, ,,,,,,,,,,,,,,,
Lensbaby,コンポーザープロII スウィート35 [ソニーE用],K0000921733,α Eマウント系,単焦点,MF,ティルトレンズ,TRUE,　,3群4枚,12 枚,35 mm,0.19m,　,F2.5,　,　,　,　,　,　,　,　,　,TRUE,　, ,　,　,46 mm,63.5x50.8 mm,215 g, ,,,,,,,,,,,,,,,
SONY,FE 70-200mm F2.8 GM OSS SEL70200GM,K0000857122,α Eマウント系,望遠ズーム,AF/MF,大口径F2.8望遠ズームレンズ,TRUE,　,18群23枚,11 枚,70〜200 mm,0.96m,0.25倍,F2.8,34〜12.3 度,TRUE,TRUE,TRUE,　,TRUE,　,　,　,　,　, ,TRUE,　,77 mm,88x200 mm,1480 g, ,,,,,,,,,,,,,,,
SONY,FE 50mm F2.8 Macro SEL50M28,K0000910549,α Eマウント系,単焦点,AF/MF,高性能標準マクロレンズ,TRUE,　,7群8枚,7 枚,50 mm,0.16m,1倍,F2.8,47 度,　,TRUE,TRUE,　,　,TRUE,　,　,　,　, ,　,　,55 mm,70.8x71 mm,236 g, ,,,,,,,,,,,,,,,
中一光学,SPEEDMASTER 35mm F0.95 II シルバー [ソニーE用],K0001028592,α Eマウント系,単焦点,MF,超大口径レンズ,　,TRUE,8群11枚,9 枚,35 mm,0.35m,0.13倍,F0.95,　,　,　,　,　,　,　,　,　,　,　, ,TRUE,　,55 mm,62x59.5 mm,440 g, ,,,,,,,,,,,,,,,
SAMYANG,12mm T2.2 Cine NCS CS [ソニーE用],K0001027048,α Eマウント系,単焦点,MF,超広角シネマレンズ,　,TRUE,10群12枚,6 枚,12 mm,0.2m,　,　,98.9 度,　,　,　,TRUE,　,　,　,　,　,　, ,　,　,67 mm,73.6x59.1 mm,250 g, ,,,,,,,,,,,,,,,
SAMYANG,50mm F1.4 AS UMC [ソニーE用],K0000959326,α Eマウント系,単焦点,MF,標準画角レンズ,TRUE,　,6群9枚,8 枚,50 mm,0.45m,　,F1.4,46.2 度,　,　,　,　,　,　,　,　,　,　, ,　,　,77 mm,81.6x100.7 mm,565 g, ,,,,,,,,,,,,,,,
SAMYANG,14mm T3.1 VDSLR ED AS IF UMC II [ソニーE用],K0001027173,α Eマウント系,単焦点,MF,超広角レンズ,TRUE,　,10群14枚,6 枚,14 mm,0.28m,　,　,115.7 度,　,　,　,TRUE,　,　,　,　,　,　, ,　,　,　,87x122.1 mm,640 g, ,,,,,,,,,,,,,,,
SAMYANG,85mm T1.5 VDSLR AS IF UMC II [ソニーE用],K0001027194,α Eマウント系,単焦点,MF,準望遠マニュアルフォーカスシネレンズ,TRUE,　,7群9枚,8 枚,85 mm,1.1m,　,　,28.3 度,　,　,TRUE,　,　,　,　,　,　,　, ,　,　,72 mm,78x100.7 mm,605 g, ,,,,,,,,,,,,,,,
SAMYANG,12mm T3.1 VDSLR ED AS NCS Fish-eye [ソニーE用],K0001027202,α Eマウント系,単焦点,MF,フィッシュアイマニュアルフォーカスシネレンズ,TRUE,　,8群12枚,7 枚,12 mm,0.2m,　,　,180 度,　,　,　,　,　,　,　,TRUE,　,　, ,　,　,　,81.6x98.7 mm,535 g, ,,,,,,,,,,,,,,,
SAMYANG,10mm T3.1 VDSLR ED AS NCS CS II [ソニーE用],K0001027054,α Eマウント系,単焦点,MF,超広角シネマレンズ,　,TRUE,9群14枚,6 枚,10 mm,0.24m,　,　,109.5 度,　,　,　,TRUE,　,　,　,　,　,　, ,　,　,　,87x132.1 mm,630 g, ,,,,,,,,,,,,,,,
SAMYANG,135mm T2.2 VDSLR ED UMC [ソニーE用],K0001027210,α Eマウント系,単焦点,MF,高性能望遠マニュアルフォーカスシネレンズ,TRUE,　,7群11枚,9 枚,135 mm,0.8m,　,　,18.8 度,　,　,　,　,TRUE,　,　,　,　,　, ,　,　,77 mm,82x148.1 mm,845 g, ,,,,,,,,,,,,,,,
SAMYANG,100mm T3.1 VDSLR ED UMC MACRO [ソニーE用],K0001027218,α Eマウント系,単焦点,MF,テレーマニュアルフォーカスシネレンズ,TRUE,　,12群15枚,9 枚,100 mm,0.307m,1:01,　,24.8 度,　,　,　,　,TRUE,TRUE,　,　,　,　, ,　,　,67 mm,81.6x149.1 mm,735 g, ,,,,,,,,,,,,,,,
SAMYANG,35mm T1.5 VDSLR AS UMC II [ソニーE用],K0001027187,α Eマウント系,単焦点,MF,広角マニュアルフォーカスシネレンズ,TRUE,　,10群12枚,8 枚,35 mm,0.3m,　,　,63.1 度,　,　,　,TRUE,　,　,　,　,　,　, ,　,　,77 mm,83x137.5 mm,720 g, ,,,,,,,,,,,,,,,
SAMYANG,24mm T1.5 VDSLR ED AS IF UMC II [ソニーE用],K0001027180,α Eマウント系,単焦点,MF,広角マニュアルフォーカスシネレンズ,TRUE,　,12群13枚,8 枚,24 mm,0.25m,　,　,84.1 度,　,　,　,TRUE,　,　,　,　,　,　, ,　,　,77 mm,83x123.5 mm,640 g, ,,,,,,,,,,,,,,,
SAMYANG,T-S 24mm F3.5 ED AS UMC [ソニーE用],K0000959334,α Eマウント系,単焦点,MF,チルトシフトレンズ,TRUE,　,11群16枚,　,24 mm,0.2m,　,F3.5,83.5 度,　,　,　,　,　,　,　,　,TRUE,　, ,　,　,82 mm,86x139 mm,734 g, ,,,,,,,,,,,,,,,
SONY,Planar T* FE 50mm F1.4 ZA SEL50F14Z,K0000895916,α Eマウント系,単焦点,AF/MF,大口径標準単焦点レンズ,TRUE,　,9群12枚,11 枚,50 mm,0.45m,0.15倍,F1.4,47 度,　,TRUE,TRUE,　,　,　,　,　,　,　, ,TRUE,　,72 mm,83.5x108 mm,778 g, ,,,,,,,,,,,,,,,
Lensbaby,Twist 60 [ソニー用],K0000890523,α Eマウント系,単焦点,MF,ポートレートレンズ,TRUE,　,3群4枚,12 枚,60 mm,0.457m,　,F2.5,　,　,　,　,　,　,　,　,　,　,　, ,　,　,46 mm,　,　, ,,,,,,,,,,,,,,,
SAMYANG,50mm F1.2 AS UMC CS シルバー [ソニー用],K0000890848,α Eマウント系,単焦点,MF,ミラーレス標準画角マニュアルフォーカスポートレンズ,　,　,7群9枚,9 枚,50 mm,0.5m,　,F1.2,　,　,　,　,　,　,　,　,　,　,　, ,　,　,62 mm,67.5x74.2 mm,375 g, ,,,,,,,,,,,,,,,
SAMYANG,50mm F1.2 AS UMC CS ブラック [ソニー用],K0000890847,α Eマウント系,単焦点,MF,ミラーレス標準画角マニュアルフォーカスポートレンズ,　,　,7群9枚,9 枚,50 mm,0.5m,　,F1.2,　,　,　,　,　,　,　,　,　,　,　, ,　,　,62 mm,67.5x74.2 mm,375 g, ,,,,,,,,,,,,,,,
Anhui ChangGeng Optical Technology,LAOWA 105mm F2 Bokeh Dreamer [ソニーE用],K0000889803,α Eマウント系,単焦点,MF,スムーストランスフォーカスレンズ,　,　,8群11枚,　,105 mm,0.9m,0.16倍,F2,　,　,　,　,　,　,　,　,　,　,　, ,　,　,67 mm,　,　, ,,,,,,,,,,,,,,,
コシナ,フォクトレンダー HELIAR-HYPER WIDE 10mm F5.6 Aspherical [ソニー用],K0000858557,α Eマウント系,単焦点,MF,超広角レンズ,TRUE,　,10群13枚,10 枚,10 mm,0.3m,　,F5.6,130 度,　,　,　,TRUE,　,　,　,　,　,　, ,　,　,　,67.4x68.5 mm,375 g, ,,,,,,,,,,,,,,,
カールツァイス,Batis 2.8/18,K0000876232,α Eマウント系,単焦点,AF/MF,超広角レンズ,TRUE,　,10群11枚,　,18 mm,0.25m,01:09.5,F2.8,　,　,　,　,TRUE,　,　,　,　,　,　, ,TRUE,　,77 mm,　,330 g, ,,,,,,,,,,,,,,,
SONY,FE 50mm F1.8 SEL50F18F,K0000869547,α Eマウント系,単焦点,　,大口径標準単焦点レンズ,TRUE,　,5群6枚,7 枚,50 mm,0.45m,0.14倍,F1.8,47 度,　,　,　,　,　,　,　,　,　,　, ,TRUE,　,49 mm,68.6x59.5 mm,186 g, ,,,,,,,,,,,,,,,
SONY,FE 70-300mm F4.5-5.6 G OSS SEL70300G,K0000869546,α Eマウント系,望遠ズーム,AF/MF,高解像望遠ズームレンズ,TRUE,　,13群16枚,9 枚,70〜300 mm,0.9m,0.31倍,F4.5-5.6,34〜8.1 度,TRUE,TRUE,TRUE,　,TRUE,　,　,　,　,　, ,　,　,72 mm,84x143.5 mm,854 g, ,,,,,,,,,,,,,,,
SONY,FE 24-70mm F2.8 GM SEL2470GM,K0000857120,α Eマウント系,標準ズーム,AF/MF,大口径標準ズームレンズ,TRUE,　,13群18枚,9 枚,24〜70 mm,0.38m,0.24倍,F2.8,84〜34 度,　,TRUE,TRUE,　,　,　,　,　,　,　, ,TRUE,　,82 mm,87.6x136 mm,886 g, ,,,,,,,,,,,,,,,
SONY,FE 85mm F1.4 GM SEL85F14GM,K0000857121,α Eマウント系,単焦点,AF/MF,ポートレートレンズ,TRUE,　,8群11枚,11 枚,85 mm,0.8m,0.12倍,F1.4,29 度,　,TRUE,TRUE,　,　,　,　,　,　,　, ,　,　,77 mm,89.5x107.5 mm,820 g, ,,,,,,,,,,,,,,,
コシナ,フォクトレンダー SUPER WIDE-HELIAR 15mm F4.5 Aspherical III [ソニー用],K0000858558,α Eマウント系,単焦点,MF,超広角レンズ,TRUE,　,9群11枚,10 枚,15 mm,0.3m,　,F4.5,110 度,　,　,　,TRUE,　,　,　,　,　,　, ,　,　,58 mm,66.4x62.3 mm,298 g, ,,,,,,,,,,,,,,,
Anhui ChangGeng Optical Technology,LAOWA 60mm F2.8 Ultra-Macro [ソニーE用],K0000868722,α Eマウント系,単焦点,MF,スーパーマクロレンズ,　,　,7群9枚,14 枚,60 mm,0.185m,1:02,F2.8,　,　,　,　,　,　,TRUE,　,　,　,　, ,　,　,62 mm,　,503 g, ,,,,,,,,,,,,,,,
Anhui ChangGeng Optical Technology,LAOWA 15mm F4 Wide Angle Macro with Shift [ソニーE用],K0000868717,α Eマウント系,単焦点,MF,ワイドマクロレンズ,TRUE,　,9群12枚,14 枚,15 mm,0.12m,1:01,F4,110 度,　,　,　,TRUE,　,TRUE,　,　,TRUE,　, ,　,　,77 mm,　,410 g, ,,,,,,,,,,,,,,,
シグマ,30mm F1.4 DC DN [ソニー用],K0000858043,α Eマウント系,単焦点,AF/MF,大口径標準レンズ,　,TRUE,7群9枚,9 枚,30 mm,0.3m,1:07,F1.4,50.7 度,　,　,　,　,　,　,　,　,　,　, ,TRUE,　,52 mm,64.8x73.3 mm,265 g, ,,,,,,,,,,,,,,,
中一光学,SPEEDMASTER 35mm F0.95 II [ソニーE用],K0001028589,α Eマウント系,単焦点,MF,超大口径レンズ,　,TRUE,8群11枚,9 枚,35 mm,0.35m,0.13倍,F0.95,　,　,　,　,　,　,　,　,　,　,　, ,TRUE,　,55 mm,62x59.5 mm,440 g, ,,,,,,,,,,,,,,,
カールツァイス,Loxia 2.8/21,K0000845618,α Eマウント系,単焦点,MF,超広角レンズ,TRUE,　,9群11枚,　,21 mm,0.25m,　,F2.8,　,　,　,　,TRUE,　,　,　,　,　,　, ,　,　,52 mm,62.1x72 mm,394 g, ,,,,,,,,,,,,,,,
Lensbaby,コンポーザープロII エッジ50 [ソニーE用],K0000835674,α Eマウント系,単焦点,MF,ティルトレンズ,TRUE,　,6群8枚,9 枚,50 mm,0.203m,　,F3.2,　,　,　,　,　,　,　,　,　,TRUE,　, ,　,　,46 mm,82.5x63.5 mm,283.5 g, ,,,,,,,,,,,,,,,
カールツァイス,Batis 1.8/85,K0000796314,α Eマウント系,単焦点,AF/MF,中望遠レンズ,TRUE,　,8群11枚,　,85 mm,0.8m,　,F1.8,　,TRUE,　,　,　,　,　,　,　,　,　, ,TRUE,　,67 mm,78x92 mm,475 g, ,,,,,,,,,,,,,,,
カールツァイス,Batis 2/25,K0000796313,α Eマウント系,単焦点,AF/MF,広角レンズ,TRUE,　,8群10枚,　,25 mm,0.2m,　,F2,82 度,　,TRUE,TRUE,TRUE,　,　,　,　,　,　, ,TRUE,　,67 mm,78x78 mm,335 g, ,,,,,,,,,,,,,,,
SONY,Distagon T* FE 35mm F1.4 ZA SEL35F14Z,K0000766262,α Eマウント系,単焦点,AF/MF,大口径高性能広角単焦点レンズ,TRUE,　,8群12枚,9 枚,35 mm,0.3m,0.18倍,F1.4,63 度,　,TRUE,TRUE,TRUE,　,　,　,　,　,　, ,TRUE,　,72 mm,78.5x112 mm,630 g, ,,,,,,,,,,,,,,,
SONY,FE 90mm F2.8 Macro G OSS SEL90M28G,K0000786198,α Eマウント系,単焦点,AF/MF,中望遠マクロレンズ,TRUE,　,11群15枚,9 枚,90 mm,0.28m,1倍,F2.8,27 度,TRUE,TRUE,TRUE,　,　,TRUE,　,　,　,　, ,　,　,62 mm,79x130.5 mm,602 g, ,,,,,,,,,,,,,,,
中一光学,SPEEDMASTER 85mm F1.2 [ソニーE用],K0001028585,α Eマウント系,単焦点,MF,大口径中望遠レンズ,TRUE,　,6群9枚,11 枚,85 mm,1m,0.09倍,F1.2,29 度,　,　,　,　,　,　,　,　,　,　, ,TRUE,　,77 mm,83x120 mm,1050 g, ,,,,,,,,,,,,,,,
SONY,FE 28mm F2 SEL28F20,K0000766263,α Eマウント系,単焦点,AF/MF,広角単焦点レンズ,TRUE,　,8群9枚,9 枚,28 mm,0.25m,0.16倍,F2,75 度,　,TRUE,TRUE,TRUE,　,　,　,　,　,　, ,　,　,49 mm,64x60 mm,200 g, ,,,,,,,,,,,,,,,
SONY,FE 24-240mm F3.5-6.3 OSS SEL24240,K0000750275,α Eマウント系,標準ズーム,　,高倍率ズームレンズ,TRUE,　,12群17枚,7 枚,24〜240 mm,0.5m,0.27倍,F3.5-6.3,84〜10 度,TRUE,TRUE,TRUE,　,　,　,TRUE,　,　,　, ,　,　,72 mm,80.5x118.5 mm,780 g, ,,,,,,,,,,,,,,,
SONY,FE PZ 28-135mm F4 G OSS SELP28135G,K0000694064,α Eマウント系,標準ズーム,AF/MF,電動ズームレンズ,TRUE,　,12群18枚,9 枚,28〜135 mm,0.4m,0.15倍,F4,75〜18 度,TRUE,　,　,　,　,　,　,　,　,　, ,　,　,95 mm,105x162.5 mm,1215 g, ,,,,,,,,,,,,,,,
SONY,Vario-Tessar T* FE 16-35mm F4 ZA OSS SEL1635Z,K0000694063,α Eマウント系,広角ズーム,　,高性能広角ズームレンズ,TRUE,　,10群12枚,7 枚,16〜35 mm,0.28m,0.19倍,F4,107〜63 度,TRUE,TRUE,TRUE,TRUE,　,　,　,　,　,　, ,　,　,72 mm,78x98.5 mm,518 g, ,,,,,,,,,,,,,,,
カールツァイス,Touit 2.8/50M [ソニー用],K0000626633,α Eマウント系,単焦点,AF,等倍撮影マクロレンズ,　,TRUE,11群14枚,　,50 mm,0.15m,　,F2.8,　,　,　,　,　,　,TRUE,　,　,　,　, ,　,　,52 mm,65x91 mm,290 g, ,,,,,,,,,,,,,,,
SONY,FE 70-200mm F4 G OSS SEL70200G,K0000586365,α Eマウント系,望遠ズーム,AF/MF,望遠ズームレンズ,TRUE,　,15群21枚,9 枚,70〜200 mm,1m,0.13倍,F4,34〜12 度,TRUE,TRUE,TRUE,　,TRUE,　,　,　,　,　, ,　,　,72 mm,80x175 mm,840 g, ,,,,,,,,,,,,,,,
SONY,E 55-210mm F4.5-6.3 OSS SEL55210 (B) [ブラック],K0000615548,α Eマウント系,望遠ズーム,AF,望遠ズームレンズ,　,TRUE,9群13枚,7 枚,55〜210 mm,1m,0.225倍,F4.5-6.3,28.2〜7.8 度,TRUE,　,　,　,TRUE,　,　,　,　,　, ,　,　,49 mm,63.8x108 mm,345 g, ,,,,,,,,,,,,,,,
SONY,FE 28-70mm F3.5-5.6 OSS SEL2870,K0000586364,α Eマウント系,標準ズーム,AF,標準ズームレンズ,TRUE,　,8群9枚,7 枚,28〜70 mm,0.3m,0.19倍,F3.5-5.6,75〜34 度,TRUE,　,　,　,　,　,　,　,　,　, ,　,　,55 mm,72.5x83 mm,295 g, ,,,,,,,,,,,,,,,
SONY,Vario-Tessar T* FE 24-70mm F4 ZA OSS SEL2470Z,K0000586363,α Eマウント系,標準ズーム,AF,高性能標準ズームレンズ,TRUE,　,10群12枚,7 枚,24〜70 mm,0.4m,0.2倍,F4,84〜34 度,TRUE,TRUE,TRUE,　,　,　,　,　,　,　, ,　,　,67 mm,73x94.5 mm,426 g, ,,,,,,,,,,,,,,,
SONY,Sonnar T* FE 55mm F1.8 ZA SEL55F18Z,K0000586362,α Eマウント系,単焦点,AF,単焦点標準大口径レンズ,TRUE,　,5群7枚,9 枚,55 mm,0.5m,0.14倍,F1.8,43 度,　,TRUE,TRUE,　,　,　,　,　,　,　, ,TRUE,　,49 mm,64.4x70.5 mm,281 g, ,,,,,,,,,,,,,,,
SONY,E PZ 18-105mm F4 G OSS SELP18105G,K0000566672,α Eマウント系,標準ズーム,AF/MF,高性能中倍率ズームレンズ,　,TRUE,12群16枚,7 枚,18〜105 mm,0.45m,0.11倍,F4,76〜15 度,TRUE,　,　,　,　,　,　,　,　,　, ,　,　,72 mm,78x110 mm,427 g, ,,,,,,,,,,,,,,,
SONY,Sonnar T* FE 35mm F2.8 ZA SEL35F28Z,K0000586361,α Eマウント系,単焦点,AF,広角単焦点レンズ,TRUE,　,5群7枚,7 枚,35 mm,0.35m,0.12倍,F2.8,63 度,　,TRUE,TRUE,TRUE,　,　,　,　,　,　, ,　,　,49 mm,61.5x36.5 mm,120 g, ,,,,,,,,,,,,,,,
SONY,E 50mm F1.8 OSS SEL50F18 (B) [ブラック],K0000577470,α Eマウント系,単焦点,AF,中望遠レンズ,　,TRUE,8群9枚,7 枚,50 mm,0.39m,0.16倍,F1.8,32 度,TRUE,　,　,　,　,　,　,　,　,　, ,　,　,49 mm,62x62 mm,202 g, ,,,,,,,,,,,,,,,
SONY,Vario-Tessar T* E 16-70mm F4 ZA OSS SEL1670Z,K0000566671,α Eマウント系,標準ズーム,AF,カールツァイス標準ズームレンズ,　,TRUE,12群16枚,7 枚,16〜70 mm,0.35m,0.23倍,F4,83〜23 度,TRUE,　,　,　,　,　,　,　,　,　, ,　,　,55 mm,66.6x75 mm,308 g, ,,,,,,,,,,,,,,,
シグマ,19mm F2.8 DN ブラック [ソニー用],K0000476451,α Eマウント系,単焦点,AF,高性能広角レンズ,　,　,6群8枚,7 枚,19 mm,0.2m,01:07.4,F2.8,73.5 度,　,　,　,TRUE,　,　,　,　,　,　, ,　,　,46 mm,60.8x45.7 mm,　, ,,,,,,,,,,,,,,,
シグマ,30mm F2.8 DN ブラック [ソニー用],K0000476455,α Eマウント系,単焦点,AF,高性能標準レンズ,　,　,5群7枚,7 枚,30 mm,0.3m,01:08.1,F2.8,50.7 度,　,　,　,　,　,　,　,　,　,　, ,　,　,46 mm,60.8x41.7 mm,150 g, ,,,,,,,,,,,,,,,
SONY,E 20mm F2.8 SEL20F28,K0000472869,α Eマウント系,単焦点,AF,広角パンケーキレンズ,　,TRUE,6群6枚,7 枚,20 mm,0.2m,0.12倍,F2.8,　,　,　,　,TRUE,　,　,　,　,　,　, ,　,TRUE,49 mm,62.6x20.4 mm,69 g, ,,,,,,,,,,,,,,,
SONY,E PZ 18-200mm F3.5-6.3 OSS SELP18200,K0000472870,α Eマウント系,標準ズーム,AF,高倍率ズームレンズ,　,TRUE,　,7 枚,18〜200 mm,0.3m,0.35倍,F3.5-6.3,　,TRUE,　,　,　,　,　,TRUE,　,　,　, ,　,　,67 mm,93.2x99 mm,649 g, ,,,,,,,,,,,,,,,
SONY,E PZ 16-50mm F3.5-5.6 OSS SELP1650,K0000434054,α Eマウント系,標準ズーム,AF,標準ズームレンズ,　,TRUE,8群9枚,7 枚,16〜50 mm,0.25m,0.215倍,F3.5-5.6,83〜32 度,TRUE,　,　,　,　,　,　,　,　,　, ,　,　,40.5 mm,64.7x29.9 mm,116 g, ,,,,,,,,,,,,,,,
SONY,E 35mm F1.8 OSS SEL35F18,K0000434056,α Eマウント系,単焦点,AF,単焦点,　,TRUE,6群8枚,7 枚,35 mm,0.3m,0.15倍,F1.8,44 度,TRUE,　,　,　,　,　,　,　,　,　, ,　,　,49 mm,63x45 mm,154 g, ,,,,,,,,,,,,,,,
SONY,E 10-18mm F4 OSS SEL1018,K0000434055,α Eマウント系,広角ズーム,AF,超広角ズームレンズ,　,TRUE,8群10枚,7 枚,10〜18 mm,0.25m,0.1倍,F4,109〜76 度,TRUE,　,　,TRUE,　,　,　,　,　,　, ,　,　,62 mm,70x63.5 mm,225 g, ,,,,,,,,,,,,,,,
SONY,E 18-200mm F3.5-6.3 OSS LE SEL18200LE,K0000376677,α Eマウント系,標準ズーム,AF,高倍率ズームレンズ,　,TRUE,13群17枚,7 枚,18〜200 mm,0.5m,0.27倍,F3.5-6.3,76〜8 度,TRUE,　,　,　,　,　,TRUE,　,　,　, ,　,　,62 mm,68x97.1 mm,460 g, ,,,,,,,,,,,,,,,
SONY,E 50mm F1.8 OSS SEL50F18,K0000281851,α Eマウント系,単焦点,AF,中望遠レンズ,　,TRUE,8群9枚,7 枚,50 mm,0.39m,0.16倍,F1.8,32 度,TRUE,　,　,　,　,　,　,　,　,　, ,　,　,49 mm,62x62 mm,202 g, ,,,,,,,,,,,,,,,
TAMRON,18-200mm F/3.5-6.3 Di III VC (Model B011) シルバー [ソニー用],K0000321363,α Eマウント系,標準ズーム,AF/MF,高倍率ズームレンズ,　,　,13群17枚,7 枚,18〜200 mm,0.5m,01:03.7,F3.5-6.3,76.10〜8.03 度,TRUE,　,　,　,　,　,TRUE,　,　,　, ,　,　,62 mm,68x96.7 mm,460 g, ,,,,,,,,,,,,,,,
TAMRON,18-200mm F/3.5-6.3 Di III VC (Model B011) ブラック [ソニー用],K0000321338,α Eマウント系,標準ズーム,AF/MF,高倍率ズームレンズ,　,　,13群17枚,7 枚,18〜200 mm,0.5m,01:03.7,F3.5-6.3,76.10〜8.03 度,TRUE,　,　,　,　,　,TRUE,　,　,　, ,　,　,62 mm,68x96.7 mm,460 g, ,,,,,,,,,,,,,,,
SONY,Sonnar T* E 24mm F1.8 ZA SEL24F18Z,K0000281850,α Eマウント系,単焦点,AF,　,　,TRUE,7群8枚,7 枚,24 mm,0.16m,0.25倍,F1.8,61 度,　,　,　,TRUE,　,　,　,　,　,　, ,　,　,49 mm,63x65.5 mm,225 g, ,,,,,,,,,,,,,,,
SONY,E 55-210mm F4.5-6.3 OSS SEL55210,K0000281852,α Eマウント系,望遠ズーム,AF,望遠ズームレンズ,　,TRUE,9群13枚,7 枚,55〜210 mm,1m,0.225倍,F4.5-6.3,28.2〜7.8 度,TRUE,　,　,　,TRUE,　,　,　,　,　, ,　,　,49 mm,63.8x108 mm,345 g, ,,,,,,,,,,,,,,,
SONY,SEL30M35,K0000260289,α Eマウント系,単焦点,AF,　,　,TRUE,6群7枚,　,30 mm,0.095m,1倍,F3.5,50 度,　,　,　,　,　,TRUE,　,　,　,　, ,　,　,49 mm,62x55.5 mm,138 g, ,,,,,,,,,,,,,,,
SONY,E18-200mm F3.5-6.3 OSS SEL18200,K0000110072,α Eマウント系,標準ズーム,AF/MF,高倍率ズームレンズ,　,TRUE,12群17枚,7 枚,18〜200 mm,0.3m,0.35倍,F3.5-6.3,76〜8 度,TRUE,　,　,　,　,　,TRUE,　,　,　, ,　,　,67 mm,75.5x99 mm,524 g, ,,,,,,,,,,,,,,,
SONY,E16mm F2.8 SEL16F28,K0000110070,α Eマウント系,単焦点,AF/MF,単焦点,　,TRUE,5群5枚,7 枚,16 mm,0.24m,0.078倍,F2.8,83 度,　,　,　,　,　,　,　,　,　,　, ,　,　,49 mm,62x22.5 mm,67 g, ,,,,,,,,,,,,,,,
SONY,E18-55mm F3.5-5.6 OSS SEL1855,K0000110071,α Eマウント系,標準ズーム,AF/MF,　,　,TRUE,9群11枚,7 枚,18〜55 mm,　,　,F3.5-5.6,76〜29 度,TRUE,　,　,　,　,　,　,　,　,　, ,　,　,49 mm,62x60 mm,194 g, ,,,,,,,,,,,,,,,
Meike,MK-6.5mm F2.0 MK065F20SE [ソニーE用],K0001142597,α Eマウント系,単焦点,MF,フィッシュアイレンズ,　,TRUE,5群6枚,　,6.5 mm,　,　,F2,190 度,　,　,　,　,　,　,　,TRUE,　,　, ,　,　,　,61x51.5 mm,300 g, ,,,,,,,,,,,,,,,
SAMYANG,8mm F2.8 UMC FISH-EYE II シルバー [ソニー用],K0000723161,α Eマウント系,単焦点,MF,高品質ウルトラワイドレンズ,　,　,8群11枚,　,8 mm,0.3m,　,F2.8,　,　,　,　,　,　,　,　,TRUE,　,　, ,　,　,　,60x64.5 mm,265 g, ,,,,,,,,,,,,,,,
SAMYANG,8mm F2.8 UMC FISH-EYE II ブラック [ソニー用],K0000723160,α Eマウント系,単焦点,MF,高品質ウルトラワイドレンズ,　,　,8群11枚,　,8 mm,0.3m,　,F2.8,　,　,　,　,　,　,　,　,TRUE,　,　, ,　,　,　,60x64.5 mm,265 g, ,,,,,,,,,,,,,,,
中一光学,FREEWALKER 20mm F2.0 SUPER MACRO 4-4.5：1 [ソニーE用],K0000967885,α Eマウント系,単焦点,MF,マクロレンズ,　,　,4群6枚,3 枚,20 mm,0.12m,4.5：1,F2,　,　,　,　,　,　,TRUE,　,　,　,　, ,　,　,　,62x90 mm,290 g, ,,,,,,,,,,,,,,,
Meike,MK-8mm F3.5 MK08F35SE [ソニーE用],K0001142593,α Eマウント系,単焦点,MF,フィッシュアイレンズ,　,TRUE,8群11枚,　,8 mm,　,　,F3.5,200 度,　,　,　,　,　,　,　,TRUE,　,　, ,　,　,　,77x109 mm,569 g, ,,,,,,,,,,,,,,,
SAMYANG,12mm F2.0 NCS CS シルバー [ソニー用],K0000725782,α Eマウント系,単焦点,MF,ミラーレス用超広角マニュアルフォーカスレンズ,　,　,10群12枚,6 枚,12 mm,0.2m,　,F2,　,　,　,　,TRUE,　,　,　,　,　,　, ,　,　,67 mm,72.5x59.1 mm,245 g, ,,,,,,,,,,,,,,,
SAMYANG,12mm F2.0 NCS CS ブラック [ソニー用],K0000725778,α Eマウント系,単焦点,MF,ミラーレス用超広角マニュアルフォーカスレンズ,　,　,10群12枚,6 枚,12 mm,0.2m,　,F2,　,　,　,　,TRUE,　,　,　,　,　,　, ,　,　,67 mm,72.5x59.1 mm,245 g, ,,,,,,,,,,,,,,,
Meike,MK-12mm F2.8 MK12F28SE [ソニーE用],K0001142601,α Eマウント系,単焦点,MF,広角レンズ,　,TRUE,10群12枚,　,12 mm,　,　,F2.8,99 度,　,　,　,TRUE,　,　,　,　,　,　, ,　,　,72 mm,78x65.8 mm,360 g, ,,,,,,,,,,,,,,,
VILTROX,AF 56mm F1.4 E [ソニーE用],K0001349848,α Eマウント系,単焦点,AF/MF,大口径単焦点レンズ,　,TRUE,9群10枚,9 枚,56 mm,0.6m,0.1倍,F1.4,28 度,　,　,　,　,　,　,　,　,　,　, ,TRUE,　,52 mm,65x72 mm,290 g, ,,,,,,,,,,,,,,,
VILTROX,AF 33mm F1.4 E [ソニーE用],K0001349845,α Eマウント系,単焦点,AF/MF,大口径レンズ,　,TRUE,9群10枚,9 枚,33 mm,0.4m,0.1倍,F1.4,45.7 度,　,　,　,　,　,　,　,　,　,　, ,TRUE,　,52 mm,65x72 mm,270 g, ,,,,,,,,,,,,,,,
VILTROX,AF 23mm F1.4 E [ソニーE用],K0001349842,α Eマウント系,単焦点,AF,大口径レンズ,　,TRUE,10群11枚,9 枚,23 mm,0.3m,0.1倍,F1.4,63.4 度,　,　,　,　,　,　,　,　,　,　, ,TRUE,　,52 mm,65x72 mm,260 g, ,,,,,,,,,,,,,,,
Meike,MK-35mm T2.2 [ソニーE用],K0001389904,α Eマウント系,単焦点,MF,大口径シネレンズ,　,TRUE,8群10枚,　,35 mm,　,　,　,44.4 度,　,　,　,　,　,　,　,　,　,　, ,TRUE,　,77 mm,　,660 g, ,,,,,,,,,,,,,,,
SAMYANG,35mm F1.4 AS UMC [ソニーE用],K0000967111,α Eマウント系,単焦点,MF,単焦点レンズ,TRUE,　,10群12枚,8 枚,35 mm,0.3m,　,F1.4,63.1 度,　,　,　,　,　,　,　,　,　,　, ,　,　,77 mm,83x137.5 mm,735 g, ,,,,,,,,,,,,,,,
SAMYANG,10mm F2.8 ED AS NCS CS [ソニーE用],K0000725775,α Eマウント系,単焦点,MF,超広角マニュアルフォーカスレンズ,　,　,10群14枚,6 枚,10 mm,0.24m,　,F2.8,　,　,　,　,TRUE,　,　,　,　,　,　, ,　,　,　,87x132.1 mm,620 g, ,,,,,,,,,,,,,,,
SAMYANG,8mm T3.1 Cine UMC FISH-EYE II [ソニー用],K0000723164,α Eマウント系,単焦点,MF,ミラーレス用動画レンズ,　,　,8群11枚,6 枚,8 mm,0.3m,　,　,　,　,　,　,　,　,　,　,TRUE,　,　, ,　,　,　,73.6x64.5 mm,270 g, ,,,,,,,,,,,,,,,
Meike,MK-50mm F1.2 [ソニーE用],K0001526515,α Eマウント系,単焦点,MF,大口径マニュアルフォーカスレンズ,TRUE,　,7群12枚,10 枚,50 mm,0.6m,　,F1.2,46.9 度,　,　,　,　,　,　,　,　,　,　, ,TRUE,　,67 mm,　,620 g, ,,,,,,,,,,,,,,,
SAMYANG,16mm F2.0 ED AS UMC CS [ソニーE用],K0000725790,α Eマウント系,単焦点,MF,広角手動焦点レンズ,　,　,11群13枚,8 枚,16 mm,0.2m,　,F2,　,　,　,　,TRUE,　,　,　,　,　,　, ,　,　,77 mm,83x115.4 mm,615 g, ,,,,,,,,,,,,,,,
SAMYANG,12mm F2.8 ED AS NCS FISH-EYE [ソニーE用],K0000736934,α Eマウント系,単焦点,MF,フィッシュアイマニュアルフォーカスレンズ,TRUE,　,8群12枚,7 枚,12 mm,0.2m,　,F2.8,　,　,　,　,　,　,　,　,TRUE,　,　, ,　,　,　,77.3x98.7 mm,525 g, ,,,,,,,,,,,,,,,
KIPON,IBERIT 90mm f/2.4 シルバー [ソニーE用],K0001030141,α Eマウント系,単焦点,MF,　,TRUE,　,4群4枚,10 枚,90 mm,0.7m,　,F2.4,27 度,　,　,　,　,　,　,　,　,　,　, ,　,　,49 mm,58x79 mm,　, ,,,,,,,,,,,,,,,
SAMYANG,135mm F2.0 ED UMC [ソニーE用],K0000997902,α Eマウント系,単焦点,MF,マニュアルフォーカスレンズ,TRUE,　,7群11枚,9 枚,135 mm,0.8m,　,F2,18.8 度,　,　,　,　,　,　,　,　,　,　, ,　,　,77 mm,82x148.1 mm,840 g, ,,,,,,,,,,,,,,,
VILTROX,AF 50mm F1.8 FE [ソニーE用],K0001420097,α Eマウント系,単焦点,AF/MF,単焦点レンズ,TRUE,　,10群11枚,9 枚,50 mm,0.55m,0.1倍,F1.8,47.6 度,　,　,　,　,　,　,　,　,　,　, ,　,　,55 mm,70x88.2 mm,350 g, ,,,,,,,,,,,,,,,
VILTROX,AF 85/1.8 II FE [ソニーE用],K0001272776,α Eマウント系,単焦点,AF,単焦点レンズ,TRUE,　,7群10枚,9 枚,85 mm,0.8m,1:08,F1.8,　,　,　,　,　,　,　,　,　,　,　, ,　,　,72 mm,80x92 mm,484 g, ,,,,,,,,,,,,,,,
VILTROX,AF 24mm F1.8 FE [ソニーE用],K0001420093,α Eマウント系,単焦点,AF/MF,広角レンズ,TRUE,　,9群11枚,9 枚,24 mm,0.3m,0.1倍,F1.8,84 度,　,　,　,TRUE,　,　,　,　,　,　, ,　,　,55 mm,70x85 mm,340 g, ,,,,,,,,,,,,,,,
VILTROX,AF 35mm F1.8 FE [ソニーE用],K0001420095,α Eマウント系,単焦点,AF/MF,単焦点レンズ,TRUE,　,8群10枚,9 枚,35 mm,0.4m,0.1倍,F1.8,63.2 度,　,　,　,　,　,　,　,　,　,　, ,　,　,55 mm,70x88.2 mm,340 g, ,,,,,,,,,,,,,,,
SAMYANG,100mm F2.8 ED UMC MACRO [ソニーE用],K0000997894,α Eマウント系,単焦点,MF,テレーマクロマニュアルフォーカスレンズ,TRUE,　,12群15枚,9 枚,100 mm,0.307m,1:01,F2.8,24.8 度,　,　,　,　,　,TRUE,　,　,　,　, ,　,　,67 mm,72.5x149.1 mm,730 g, ,,,,,,,,,,,,,,,
Meike,MK-25mm T2.2 [ソニーE用],K0001313046,α Eマウント系,単焦点,MF,大口径レンズ,　,TRUE,8群10枚,　,25 mm,0.25m,　,　,49.7 度,　,　,　,　,　,　,　,　,　,　, ,TRUE,　,77 mm,　,　, ,,,,,,,,,,,,,,,
Meike,MK-50mm T2.2 [ソニーE用],K0001313043,α Eマウント系,単焦点,MF,大口径レンズ,　,TRUE,7群9枚,10 枚,50 mm,　,　,　,　,　,　,　,　,　,　,　,　,　,　, ,TRUE,　,77 mm,　,　, ,,,,,,,,,,,,,,,
Meike,MK-65mm T2.2 [ソニーE用],K0001389907,α Eマウント系,単焦点,MF,大口径シネレンズ,　,TRUE,　,10 枚,65 mm,0.68m,　,　,24.4 度,　,　,　,　,　,　,　,　,　,　, ,TRUE,　,77 mm,80x85 mm,550 g, ,,,,,,,,,,,,,,,
Meike,MK-85mm T2.2 [ソニーE用],K0001389910,α Eマウント系,単焦点,MF,大口径シネレンズ,　,TRUE,7群9枚,10 枚,85 mm,0.9m,　,　,19 度,　,　,　,　,　,　,　,　,　,　, ,TRUE,　,77 mm,80x90 mm,640 g, ,,,,,,,,,,,,,,,
SAMYANG,50mm T1.5 VDSLR AS UMC [ソニーE用],K0001027226,α Eマウント系,単焦点,MF,標準画角マニュアルフォーカスシネレンズ,TRUE,　,6群9枚,8 枚,50 mm,0.45m,　,　,46.2 度,　,　,　,　,　,　,　,　,　,　, ,　,　,77 mm,81.6x100.7 mm,600 g, ,,,,,,,,,,,,,,,
SAMYANG,16mm T2.2 VDSLR ED AS UMC CS II [ソニーE用],K0001027163,α Eマウント系,単焦点,MF,広角マニュアルフォーカスシネレンズ,　,TRUE,11群13枚,8 枚,16 mm,0.2m,　,　,83.1 度,　,　,　,TRUE,　,　,　,　,　,　, ,　,　,77 mm,83x115.4 mm,620 g, ,,,,,,,,,,,,,,,
カールツァイス,Touit 1.8/32 [ソニー用],K0000511931,α Eマウント系,単焦点,AF,　,　,TRUE,5群8枚,　,32 mm,0.3m,　,F1.8,　,　,　,　,　,　,　,　,　,　,　, ,　,　,52 mm,65x60 mm,200 g, ,,,,,,,,,,,,,,,
Meike,MK-10mm T2.2 [ソニーE用],K0001449486,α Eマウント系,単焦点,MF,大口径シネレンズ,　,TRUE,12群15枚,10 枚,10 mm,0.3m,　,　,106.4 度,　,　,　,　,　,　,　,　,　,　, ,TRUE,　,77 mm,　,600 g, ,,,,,,,,,,,,,,,
カールツァイス,Loxia 2/50,K0000689521,α Eマウント系,単焦点,MF,標準レンズ,TRUE,　,4群6枚,　,50 mm,0.45m,　,F2,　,　,　,　,　,　,　,　,　,　,　, ,　,　,52 mm,62.1x59.2 mm,320 g, ,,,,,,,,,,,,,,,
Meike,MK-50mm T2.1 FF-Prime [ソニーE用],K0001389916,α Eマウント系,単焦点,MF,シネレンズ,TRUE,　,8群12枚,11 枚,50 mm,0.6m,　,　,46.4 度,　,　,　,　,　,　,　,　,　,　, ,　,　,82 mm,85x136.4 mm,1100 g, ,,,,,,,,,,,,,,,
カールツァイス,Touit 2.8/12 [ソニー用],K0000511933,α Eマウント系,単焦点,AF,広角レンズ,　,TRUE,8群11枚,　,12 mm,0.18m,　,F2.8,　,　,　,　,TRUE,　,　,　,　,　,　, ,　,　,67 mm,88x68 mm,260 g, ,,,,,,,,,,,,,,,
カールツァイス,Loxia 2/35,K0000689611,α Eマウント系,単焦点,MF,　,TRUE,　,6群9枚,　,35 mm,0.3m,　,F2,　,　,　,　,　,　,　,　,　,　,　, ,　,　,52 mm,62.1x59.2 mm,340 g, ,,,,,,,,,,,,,,,
Irix,Cine 21mm T1.5 フィート表示 [ソニーE用],K0001565704,α Eマウント系,単焦点,MF,超広角シネレンズ,TRUE,　,　,11 枚,21 mm,　,　,　,　,　,　,　,TRUE,　,　,　,　,　,　, ,　,　,　,97x127 mm,1179 g, ,,,,,,,,,,,,,,,
Irix,Cine 21mm T1.5 メートル表示 [ソニーE用],K0001565698,α Eマウント系,単焦点,MF,超広角シネレンズ,TRUE,　,　,11 枚,21 mm,　,　,　,　,　,　,　,TRUE,　,　,　,　,　,　, ,　,　,　,97x127 mm,1179 g, ,,,,,,,,,,,,,,,
DZOFILM,Catta Zoom 35-80mm T2.9 DZO-FF3580E-BLK [ブラック],K0001566663,α Eマウント系,標準ズーム,MF,シネマズームレンズ,TRUE,　,15群20枚,16 枚,35〜80 mm,0.74m,　,　,　,　,　,　,　,　,　,　,　,　,　, ,　,　,77 mm,　,1532 g, ,,,,,,,,,,,,,,,
DZOFILM,Catta Zoom 70-135mm T2.9 DZO-FF70135E-BLK [ブラック],K0001566664,α Eマウント系,標準ズーム,MF,シネマズームレンズ,TRUE,　,11群17枚,16 枚,70〜135 mm,0.76m,　,　,　,　,　,　,　,　,　,　,　,　,　, ,　,　,77 mm,　,1597 g, ,,,,,,,,,,,,,,,
DZOFILM,Catta Zoom 35-80&70-135mm T2.9 DZO-FFCatta2E-BLK [ブラック],K0001566667,α Eマウント系,標準ズーム,MF,シネマズームレンズ,TRUE,　,　,16 枚,　,　,　,　,　,　,　,　,　,　,　,　,　,　,　, ,　,　,77 mm,　,　, ,,,,,,,,,,,,,,,
SONY,FE 400mm F2.8 GM OSS SEL400F28GM,K0001067860,α Eマウント系,単焦点,AF/MF,大口径超望遠レンズ,TRUE,　,17群23枚,11 枚,400 mm,2.7m,0.16倍,F2.8,6.1 度,TRUE,TRUE,TRUE,　,TRUE,　,　,　,　,　, ,TRUE,　,40.5 mm,158.1x359 mm,2895 g, ,,,,,,,,,,,,,,,
SONY,FE 600mm F4 GM OSS SEL600F40GM,K0001167118,α Eマウント系,単焦点,AF/MF,大口径超望遠単焦点レンズ,TRUE,　,18群24枚,11 枚,600 mm,4.5m,0.14倍,F4,4.1 度,TRUE,TRUE,TRUE,　,TRUE,　,　,　,　,　, ,TRUE,　,40.5 mm,163.6x449 mm,3040 g, ,,,,,,,,,,,,,,,
